year_completed,blk_no,street,bldg_contract_town,max_floor_lvl,1room_sold,2room_sold,3room_sold,4room_sold,5room_sold,exec_sold,total_dwelling_units,age_announced,cluster,num_of_blocks,is_demolished,latitude_x,longitude_x,geometry_x,car_park_no,address,x_coord,y_coord,car_park_type,type_of_parking_system,short_term_parking,free_parking,night_parking,car_park_decks,gantry_height,car_park_basement,geometry_y,latitude_y,longitude_y,new_address
1966.0,6,chai chee rd,bd,8.5,0.0,24.5,59.5,0.0,0.0,0.0,84.0,30.0,"['6', '7']",2.0,1,1.3264735546242,103.92228378555099,POINT (11568575.71308161 147675.5531995058),B83,blk 21a chai chee rd,37899.5392,34299.8988,MULTI-STOREY CAR PARK,ELECTRONIC PARKING,WHOLE DAY,SUN & PH FR 7AM-10.30PM,YES,12,2.15,N,POINT (11568574.32261001 147675.0475538823),1.3264690135495145,103.92227129473213,blk 21a chai chee rd
1966.0,7,chai chee rd,bd,8.5,0.0,24.5,59.5,0.0,0.0,0.0,84.0,30.0,"['6', '7']",2.0,1,1.3232895991921398,103.924149636605,POINT (11568783.41867083 147321.0221226843),B71,blk 29c chai chee ave,38125.3637,34059.3926,MULTI-STOREY CAR PARK,ELECTRONIC PARKING,WHOLE DAY,SUN & PH FR 7AM-10.30PM,YES,10,2.0,N,POINT (11568800.19812233 147432.8490110396),1.3242938891077893,103.9243003689824,blk 29c chai chee ave
1971.0,79,toa payoh ctrl,tp,10.0,0.0,0.0,374.0,0.0,0.0,0.0,374.0,26.0,['79'],1.0,1,1.33453129537677,103.84756569582198,POINT (11560258.13337993 148572.7786990501),TP17,blk 177-179 toa payoh town centre,29699.9143,35107.3661,SURFACE CAR PARK,ELECTRONIC PARKING,WHOLE DAY,SUN & PH FR 7AM-10.30PM,YES,0,4.4,N,POINT (11560372.52348424 148488.3452583583),1.3337730224911744,103.84859327961253,blk 177-179 toa payoh town centre 177 178 179
1973.0,89,toa payoh lorong 2,tp,10.0,0.0,0.0,198.0,0.0,0.0,0.0,198.0,24.0,['89'],1.0,1,1.33628706847823,103.84651378290701,POINT (11560141.03496987 148768.2835662744),TPM5,blk 84c lor 2 toa payoh,29560.4287,35333.5642,MULTI-STOREY CAR PARK,ELECTRONIC PARKING,WHOLE DAY,SUN & PH FR 7AM-10.30PM,YES,10,2.0,N,POINT (11560233.00162819 148716.1292167305),1.3358186853562588,103.84733993345499,blk 84c lor 2 toa payoh
1979.0,454,ang mo kio ave 10,amk,12.0,0.0,0.0,121.0,22.0,0.0,0.0,143.0,18.0,"['454', '455']",2.0,1,1.36687411249442,103.854668941219,POINT (11561048.8630405 152174.1653562577),A38,blk 407  /  410  /  421 ang mo kio ave 10,30367.0774,38445.7028,SURFACE CAR PARK,ELECTRONIC PARKING,WHOLE DAY,SUN & PH FR 7AM-10.30PM,YES,0,4.5,N,POINT (11561039.8953084 151850.0883450208),1.3639637058040253,103.85458838271092,blk 407 / 410 / 421 ang mo kio ave 10
1979.0,455,ang mo kio ave 10,amk,12.0,0.0,0.0,121.0,22.0,0.0,0.0,143.0,18.0,"['454', '455']",2.0,1,1.36777221427589,103.85814921044,POINT (11561436.28483801 152274.1700644615),A44,blk 459  /  456 ang mo kio st 44,30856.9781,38804.1956,SURFACE CAR PARK,ELECTRONIC PARKING,WHOLE DAY,SUN & PH FR 7AM-10.30PM,YES,0,0.0,N,POINT (11561529.93771287 152211.0928360138),1.367205743273231,103.8589905085289,blk 459 / 456 ang mo kio st 44
1974.0,126,kim tian rd,bm,10.0,0.0,0.0,109.5,0.0,0.0,0.0,109.5,23.0,"['126', '127']",2.0,1,1.28253466931817,103.82947001504,POINT (11558243.73140972 142783.0307106929),KTM6,blk 127 kim tian rd,27546.4706,29366.694,MULTI-STOREY CAR PARK,ELECTRONIC PARKING,WHOLE DAY,NO,YES,6,2.15,N,POINT (11558218.50945981 142707.5130139951),1.2818564521671447,103.82924344240905,blk 127 kim tian rd
1974.0,127,kim tian rd,bm,10.0,0.0,0.0,109.5,0.0,0.0,0.0,109.5,23.0,"['126', '127']",2.0,1,1.28186142731103,103.829292612773,POINT (11558223.98307969 142708.0669831153),KTM6,blk 127 kim tian rd,27546.4706,29366.694,MULTI-STOREY CAR PARK,ELECTRONIC PARKING,WHOLE DAY,NO,YES,6,2.15,N,POINT (11558218.50945981 142707.5130139951),1.2818564521671447,103.82924344240905,blk 127 kim tian rd
1963.0,51,nile rd,bm,10.0,0.0,29.33333333333333,90.0,0.0,0.0,0.0,119.33333333333331,34.0,"['51', '53', '54']",3.0,1,1.2898415322444898,103.828426273952,POINT (11558127.54268328 143596.6319588592),H4,blk 22 havelock rd,27560.7129,30056.3984,SURFACE CAR PARK,ELECTRONIC PARKING,WHOLE DAY,SUN & PH FR 7AM-10.30PM,YES,0,0.0,N,POINT (11558232.75423126 143402.0368452865),1.288093896932111,103.82937140536818,blk 22 havelock rd
1963.0,53,nile rd,bm,10.0,0.0,29.33333333333333,90.0,0.0,0.0,0.0,119.33333333333331,34.0,"['51', '53', '54']",3.0,1,1.28994618456456,103.82767972048201,POINT (11558044.43673115 143608.2847547093),H17,blk 28a beo cres,27392.1841,30064.5769,MULTI-STOREY CAR PARK,ELECTRONIC PARKING,WHOLE DAY,SUN & PH FR 7AM-10.30PM,YES,5,2.0,N,POINT (11558064.18310177 143410.2721894812),1.2881678575922197,103.82785710514734,blk 28a beo cres
1963.0,54,nile rd,bm,10.0,0.0,29.33333333333333,90.0,0.0,0.0,0.0,119.33333333333331,34.0,"['51', '53', '54']",3.0,1,1.28994618456456,103.82767972048201,POINT (11558044.43673115 143608.2847547093),H17,blk 28a beo cres,27392.1841,30064.5769,MULTI-STOREY CAR PARK,ELECTRONIC PARKING,WHOLE DAY,SUN & PH FR 7AM-10.30PM,YES,5,2.0,N,POINT (11558064.18310177 143410.2721894812),1.2881678575922197,103.82785710514734,blk 28a beo cres
1979.0,580,ang mo kio ave 3,amk,13.0,0.0,0.0,122.0,23.33333333333333,0.0,0.0,145.33333333333334,18.0,"['580', '581', '582']",3.0,1,1.37151275308972,103.84315761947701,POINT (11559767.42856583 152690.6839408604),A31A,blk 125  /  126 ang mo kio st 12,29150.6699,39318.7539,SURFACE CAR PARK,COUPON PARKING,7AM-10.30PM,SUN & PH FR 7AM-10.30PM,NO,0,0.0,N,POINT (11559823.149165 152729.2769143392),1.3718593403230488,103.84365816613578,blk 125 / 126 ang mo kio st 12
1979.0,581,ang mo kio ave 3,amk,13.0,0.0,0.0,122.0,23.33333333333333,0.0,0.0,145.33333333333334,18.0,"['580', '581', '582']",3.0,1,1.3676870625919098,103.83474733510201,POINT (11558831.19999178 152264.6883209358),A13,blk 232  /  233 ang mo kio st 22,28388.51,38892.03,SURFACE CAR PARK,ELECTRONIC PARKING,WHOLE DAY,SUN & PH FR 7AM-10.30PM,YES,0,4.5,N,POINT (11559060.77159324 152299.5589645443),1.3680002216512868,103.83680961188591,blk 232 / 233 ang mo kio st 22
1979.0,582,ang mo kio ave 3,amk,13.0,0.0,0.0,122.0,23.33333333333333,0.0,0.0,145.33333333333334,18.0,"['580', '581', '582']",3.0,1,1.3675879256949195,103.84459669185699,POINT (11559927.62537038 152253.6493073656),A21,blk 325  /  326  /  301 ang mo kio st 31,29446.1477,38906.1139,SURFACE CAR PARK,ELECTRONIC PARKING,WHOLE DAY,SUN & PH FR 7AM-10.30PM,YES,0,4.5,N,POINT (11560118.70887353 152313.7380926611),1.3681275586189134,103.84631322417121,blk 325 / 326 / 301 ang mo kio st 31
1975.0,24,dover cres,qt,14.0,0.0,0.0,73.5,65.0,0.0,0.0,138.5,22.0,"['24', '28']",2.0,1,1.30476356767422,103.78169719934799,POINT (11552925.68589312 145258.1712410566),AR2L,blk 26 and 27 dover cres,22194.6359,32026.8288,SURFACE CAR PARK,ELECTRONIC PARKING,NO,NO,NO,0,0.0,N,POINT (11552865.29015193 145386.1847831267),1.305913234462207,103.7811546551739,blk 26 and 27 dover cres
1975.0,28,dover cres,qt,14.0,0.0,0.0,73.5,65.0,0.0,0.0,138.5,22.0,"['24', '28']",2.0,1,1.30476356767422,103.78169719934799,POINT (11552925.68589312 145258.1712410566),AR2L,blk 26 and 27 dover cres,22194.6359,32026.8288,SURFACE CAR PARK,ELECTRONIC PARKING,NO,NO,NO,0,0.0,N,POINT (11552865.29015193 145386.1847831267),1.305913234462207,103.7811546551739,blk 26 and 27 dover cres
1971.0,3,syed alwi rd,kwn,17.0,0.0,0.0,44.0,14.333333333333336,0.0,0.0,58.33333333333334,26.0,"['3', '4', '5']",3.0,1,1.3075815494476102,103.85761138850401,POINT (11561376.41477396 145571.9490693935),CR29,blk 29  /  30 kelantan lane 25 26 27 jln berseh,30612.5155,32012.4666,SURFACE CAR PARK,ELECTRONIC PARKING,WHOLE DAY,SUN & PH FR 7AM-10.30PM,YES,0,4.5,N,POINT (11561285.34110541 145371.7705265807),1.3057837826214513,103.85679325981964,blk 29 / 30 kelantan lane 25 26 27 jln berseh
1971.0,4,syed alwi rd,kwn,17.0,0.0,0.0,44.0,14.333333333333336,0.0,0.0,58.33333333333334,26.0,"['3', '4', '5']",3.0,1,1.30784759081937,103.857323931322,POINT (11561344.41518683 145601.5723749475),CR30,blk 639  /  640 rowell court rowell rd rowell rd,30406.377,32213.3125,SURFACE CAR PARK,ELECTRONIC PARKING,7AM-10.30PM,NO,NO,0,4.5,N,POINT (11561079.15116242 145574.0234117907),1.307600178729994,103.85494102404743,blk 639 / 640 rowell court rowell rd
1971.0,5,syed alwi rd,kwn,17.0,0.0,0.0,44.0,14.333333333333336,0.0,0.0,58.33333333333334,26.0,"['3', '4', '5']",3.0,1,1.30774301010899,103.85743149019301,POINT (11561356.38858558 145589.9274701799),CR30,blk 639  /  640 rowell court rowell rd rowell rd,30406.377,32213.3125,SURFACE CAR PARK,ELECTRONIC PARKING,7AM-10.30PM,NO,NO,0,4.5,N,POINT (11561079.15116242 145574.0234117907),1.307600178729994,103.85494102404743,blk 639 / 640 rowell court rowell rd
1974.0,20,upper boon keng rd,kwn,16.0,0.0,0.0,277.0,0.0,4.0,0.0,281.0,31.0,['20'],1.0,1,1.31379318761444,103.87309387056,POINT (11563099.91679264 146263.6064326405),UBK2,blk 11  /  15  /  18 upp boon keng,32237.8125,33097.6016,SURFACE CAR PARK,ELECTRONIC PARKING,WHOLE DAY,SUN & PH FR 7AM-10.30PM,YES,0,4.5,N,POINT (11562911.07370975 146464.4786874951),1.3155971787692966,103.87139746428335,blk 11 / 15 / 18 upp boon keng
1977.0,54,sims dr,gl,12.5,0.0,0.0,64.5,106.0,2.1666666666666665,0.0,172.66666666666663,28.0,"['54', '56', '57', '59', '60', '62']",6.0,1,1.31681884371365,103.87663962486602,POINT (11563494.62835647 146600.5096986084),SDM2,blk 50a sims dr,33023.254,33156.8404,MULTI-STOREY CAR PARK,ELECTRONIC PARKING,7AM-10.30PM,SUN & PH FR 7AM-10.30PM,NO,4,2.15,N,POINT (11563696.72178609 146524.1189414058),1.3161327950004906,103.87845506103255,blk 50a sims dr
1977.0,59,sims dr,gl,12.5,0.0,0.0,64.5,106.0,2.1666666666666665,0.0,172.66666666666663,28.0,"['54', '56', '57', '59', '60', '62']",6.0,1,1.31615075720637,103.878440158046,POINT (11563695.06279322 146526.1190126821),SDM2,blk 50a sims dr,33023.254,33156.8404,MULTI-STOREY CAR PARK,ELECTRONIC PARKING,7AM-10.30PM,SUN & PH FR 7AM-10.30PM,NO,4,2.15,N,POINT (11563696.72178609 146524.1189414058),1.3161327950004906,103.87845506103255,blk 50a sims dr
1977.0,56,sims dr,gl,12.5,0.0,0.0,64.5,106.0,2.1666666666666665,0.0,172.66666666666663,28.0,"['54', '56', '57', '59', '60', '62']",6.0,1,1.3189959054998,103.87588749873699,POINT (11563410.90205877 146842.9232337989),SD2,blk 45  /  50  /  51 sims dr,33013.2144,33244.1573,SURFACE CAR PARK,ELECTRONIC PARKING,WHOLE DAY,NO,YES,0,4.5,N,POINT (11563686.68113479 146612.0472137279),1.3169224596017053,103.87836486432721,blk 45 / 50 / 51 sims dr
1977.0,57,sims dr,gl,12.5,0.0,0.0,64.5,106.0,2.1666666666666665,0.0,172.66666666666663,28.0,"['54', '56', '57', '59', '60', '62']",6.0,1,1.31629232098948,103.878898984422,POINT (11563746.13911176 146541.8819800533),SD2,blk 45  /  50  /  51 sims dr,33013.2144,33244.1573,SURFACE CAR PARK,ELECTRONIC PARKING,WHOLE DAY,NO,YES,0,4.5,N,POINT (11563686.68113479 146612.0472137279),1.3169224596017053,103.87836486432721,blk 45 / 50 / 51 sims dr
1977.0,60,sims dr,gl,12.5,0.0,0.0,64.5,106.0,2.1666666666666665,0.0,172.66666666666663,28.0,"['54', '56', '57', '59', '60', '62']",6.0,1,1.31760231767541,103.877424477655,POINT (11563581.99776928 146687.7486740346),SD2,blk 45  /  50  /  51 sims dr,33013.2144,33244.1573,SURFACE CAR PARK,ELECTRONIC PARKING,WHOLE DAY,NO,YES,0,4.5,N,POINT (11563686.68113479 146612.0472137279),1.3169224596017053,103.87836486432721,blk 45 / 50 / 51 sims dr
1977.0,62,sims dr,gl,12.5,0.0,0.0,64.5,106.0,2.1666666666666665,0.0,172.66666666666663,28.0,"['54', '56', '57', '59', '60', '62']",6.0,1,1.31900718980146,103.88026357905599,POINT (11563898.04509155 146844.1797294473),SD2,blk 45  /  50  /  51 sims dr,33013.2144,33244.1573,SURFACE CAR PARK,ELECTRONIC PARKING,WHOLE DAY,NO,YES,0,4.5,N,POINT (11563686.68113479 146612.0472137279),1.3169224596017053,103.87836486432721,blk 45 / 50 / 51 sims dr
1973.0,5,yung ping rd,jw,11.0,0.0,0.0,101.66666666666669,0.0,1.5,0.0,103.16666666666669,33.0,"['5', '6', '7', '8', '9', '10']",6.0,1,1.32913047297776,103.721502089885,POINT (11546224.79695946 147971.3994375036),TJ18,blk 63-66 yung kuang rd,15662.8289,34894.8007,SURFACE CAR PARK,COUPON PARKING,WHOLE DAY,SUN & PH FR 7AM-10.30PM,YES,0,4.5,N,POINT (11546331.6766937 148274.0164016115),1.3318481945093785,103.72246220687335,blk 63-66 yung kuang rd 63 64 65 66
1973.0,6,yung ping rd,jw,11.0,0.0,0.0,101.66666666666669,0.0,1.5,0.0,103.16666666666669,33.0,"['5', '6', '7', '8', '9', '10']",6.0,1,1.32967559060418,103.722641815208,POINT (11546351.67060206 148032.0979920271),TJ18,blk 63-66 yung kuang rd,15662.8289,34894.8007,SURFACE CAR PARK,COUPON PARKING,WHOLE DAY,SUN & PH FR 7AM-10.30PM,YES,0,4.5,N,POINT (11546331.6766937 148274.0164016115),1.3318481945093785,103.72246220687335,blk 63-66 yung kuang rd 63 64 65 66
1973.0,7,yung ping rd,jw,11.0,0.0,0.0,101.66666666666669,0.0,1.5,0.0,103.16666666666669,33.0,"['5', '6', '7', '8', '9', '10']",6.0,1,1.32913047297776,103.721502089885,POINT (11546224.79695946 147971.3994375036),TJ18,blk 63-66 yung kuang rd,15662.8289,34894.8007,SURFACE CAR PARK,COUPON PARKING,WHOLE DAY,SUN & PH FR 7AM-10.30PM,YES,0,4.5,N,POINT (11546331.6766937 148274.0164016115),1.3318481945093785,103.72246220687335,blk 63-66 yung kuang rd 63 64 65 66
1973.0,8,yung ping rd,jw,11.0,0.0,0.0,101.66666666666669,0.0,1.5,0.0,103.16666666666669,33.0,"['5', '6', '7', '8', '9', '10']",6.0,1,1.32913047297776,103.721502089885,POINT (11546224.79695946 147971.3994375036),TJ18,blk 63-66 yung kuang rd,15662.8289,34894.8007,SURFACE CAR PARK,COUPON PARKING,WHOLE DAY,SUN & PH FR 7AM-10.30PM,YES,0,4.5,N,POINT (11546331.6766937 148274.0164016115),1.3318481945093785,103.72246220687335,blk 63-66 yung kuang rd 63 64 65 66
1973.0,9,yung ping rd,jw,11.0,0.0,0.0,101.66666666666669,0.0,1.5,0.0,103.16666666666669,33.0,"['5', '6', '7', '8', '9', '10']",6.0,1,1.32958005289281,103.721493922129,POINT (11546223.88772902 148021.4599182804),TJ18,blk 63-66 yung kuang rd,15662.8289,34894.8007,SURFACE CAR PARK,COUPON PARKING,WHOLE DAY,SUN & PH FR 7AM-10.30PM,YES,0,4.5,N,POINT (11546331.6766937 148274.0164016115),1.3318481945093785,103.72246220687335,blk 63-66 yung kuang rd 63 64 65 66
1973.0,10,yung ping rd,jw,11.0,0.0,0.0,101.66666666666669,0.0,1.5,0.0,103.16666666666669,33.0,"['5', '6', '7', '8', '9', '10']",6.0,1,1.33003579972897,103.722565513663,POINT (11546343.17675292 148072.2070916959),TJ18,blk 63-66 yung kuang rd,15662.8289,34894.8007,SURFACE CAR PARK,COUPON PARKING,WHOLE DAY,SUN & PH FR 7AM-10.30PM,YES,0,4.5,N,POINT (11546331.6766937 148274.0164016115),1.3318481945093785,103.72246220687335,blk 63-66 yung kuang rd 63 64 65 66
1976.0,180,boon lay dr,jw,9.5,0.0,0.0,0.0,144.5,0.0,0.0,144.5,30.0,"['180', '181', '182', '184']",4.0,1,1.3480815464086202,103.70817710905001,POINT (11544741.46687808 150081.599174219),BL3,blk 174  /  179 boon lay dr,14190.8096,36556.4297,SURFACE CAR PARK,ELECTRONIC PARKING,WHOLE DAY,SUN & PH FR 7AM-10.30PM,YES,0,9.99,N,POINT (11544859.18124818 149947.2173329113),1.346874707613086,103.70923455522826,blk 174 / 179 boon lay dr
1976.0,181,boon lay dr,jw,9.5,0.0,0.0,0.0,144.5,0.0,0.0,144.5,30.0,"['180', '181', '182', '184']",4.0,1,1.3484096763794198,103.70775516682501,POINT (11544694.49648445 150118.1365508127),BL3,blk 174  /  179 boon lay dr,14190.8096,36556.4297,SURFACE CAR PARK,ELECTRONIC PARKING,WHOLE DAY,SUN & PH FR 7AM-10.30PM,YES,0,9.99,N,POINT (11544859.18124818 149947.2173329113),1.346874707613086,103.70923455522826,blk 174 / 179 boon lay dr
1976.0,182,boon lay dr,jw,9.5,0.0,0.0,0.0,144.5,0.0,0.0,144.5,30.0,"['180', '181', '182', '184']",4.0,1,1.345986768687,103.707564745441,POINT (11544673.29887294 149848.3451247835),BL3,blk 174  /  179 boon lay dr,14190.8096,36556.4297,SURFACE CAR PARK,ELECTRONIC PARKING,WHOLE DAY,SUN & PH FR 7AM-10.30PM,YES,0,9.99,N,POINT (11544859.18124818 149947.2173329113),1.346874707613086,103.70923455522826,blk 174 / 179 boon lay dr
1973.0,167,boon lay dr,jw,11.0,0.0,0.0,106.66666666666669,0.0,1.6666666666666667,0.0,108.33333333333331,38.0,"['167', '168', '169', '170', '171', '172']",6.0,1,1.3484096763794198,103.70775516682501,POINT (11544694.49648445 150118.1365508127),BL3,blk 174  /  179 boon lay dr,14190.8096,36556.4297,SURFACE CAR PARK,ELECTRONIC PARKING,WHOLE DAY,SUN & PH FR 7AM-10.30PM,YES,0,9.99,N,POINT (11544859.18124818 149947.2173329113),1.346874707613086,103.70923455522826,blk 174 / 179 boon lay dr
1973.0,169,boon lay dr,jw,11.0,0.0,0.0,106.66666666666669,0.0,1.6666666666666667,0.0,108.33333333333331,38.0,"['167', '168', '169', '170', '171', '172']",6.0,1,1.3478378528797,103.70775189406099,POINT (11544694.13216202 150054.4638254638),BL3,blk 174  /  179 boon lay dr,14190.8096,36556.4297,SURFACE CAR PARK,ELECTRONIC PARKING,WHOLE DAY,SUN & PH FR 7AM-10.30PM,YES,0,9.99,N,POINT (11544859.18124818 149947.2173329113),1.346874707613086,103.70923455522826,blk 174 / 179 boon lay dr
1973.0,170,boon lay dr,jw,11.0,0.0,0.0,106.66666666666669,0.0,1.6666666666666667,0.0,108.33333333333331,38.0,"['167', '168', '169', '170', '171', '172']",6.0,1,1.3480815464086202,103.70817710905001,POINT (11544741.46687808 150081.599174219),BL3,blk 174  /  179 boon lay dr,14190.8096,36556.4297,SURFACE CAR PARK,ELECTRONIC PARKING,WHOLE DAY,SUN & PH FR 7AM-10.30PM,YES,0,9.99,N,POINT (11544859.18124818 149947.2173329113),1.346874707613086,103.70923455522826,blk 174 / 179 boon lay dr
1973.0,171,boon lay dr,jw,11.0,0.0,0.0,106.66666666666669,0.0,1.6666666666666667,0.0,108.33333333333331,38.0,"['167', '168', '169', '170', '171', '172']",6.0,1,1.3480815464086202,103.70817710905001,POINT (11544741.46687808 150081.599174219),BL3,blk 174  /  179 boon lay dr,14190.8096,36556.4297,SURFACE CAR PARK,ELECTRONIC PARKING,WHOLE DAY,SUN & PH FR 7AM-10.30PM,YES,0,9.99,N,POINT (11544859.18124818 149947.2173329113),1.346874707613086,103.70923455522826,blk 174 / 179 boon lay dr
1973.0,172,boon lay dr,jw,11.0,0.0,0.0,106.66666666666669,0.0,1.6666666666666667,0.0,108.33333333333331,38.0,"['167', '168', '169', '170', '171', '172']",6.0,1,1.3480815464086202,103.70817710905001,POINT (11544741.46687808 150081.599174219),BL3,blk 174  /  179 boon lay dr,14190.8096,36556.4297,SURFACE CAR PARK,ELECTRONIC PARKING,WHOLE DAY,SUN & PH FR 7AM-10.30PM,YES,0,9.99,N,POINT (11544859.18124818 149947.2173329113),1.346874707613086,103.70923455522826,blk 174 / 179 boon lay dr
1976.0,184,boon lay dr,jw,9.5,0.0,0.0,0.0,144.5,0.0,0.0,144.5,30.0,"['180', '181', '182', '184']",4.0,1,1.34251699185774,103.711734070194,POINT (11545137.4259814 149461.9850042878),BL10,blk 188  /  191 boon lay dr,14434.5806,36212.2117,SURFACE CAR PARK,ELECTRONIC PARKING,WHOLE DAY,SUN & PH FR 7AM-10.30PM,YES,0,9.99,N,POINT (11545103.03580059 149600.5990237985),1.3437618406573535,103.7114251379436,blk 188 / 191 boon lay dr
1973.0,168,boon lay dr,jw,11.0,0.0,0.0,106.66666666666669,0.0,1.6666666666666667,0.0,108.33333333333331,38.0,"['167', '168', '169', '170', '171', '172']",6.0,1,1.34183676871732,103.711924318214,POINT (11545158.60429411 149386.2421296838),BL10,blk 188  /  191 boon lay dr,14434.5806,36212.2117,SURFACE CAR PARK,ELECTRONIC PARKING,WHOLE DAY,SUN & PH FR 7AM-10.30PM,YES,0,9.99,N,POINT (11545103.03580059 149600.5990237985),1.3437618406573535,103.7114251379436,blk 188 / 191 boon lay dr
1975.0,216,boon lay ave,jw,10.5,0.0,0.0,0.0,169.0,0.0,0.0,169.0,31.0,"['216', '217', '219', '220']",4.0,1,1.34967982522128,103.71170243402099,POINT (11545133.90425873 150259.5680747053),BL9,blk 185  /  187 boon lay ave,14356.1152,36445.4219,SURFACE CAR PARK,ELECTRONIC PARKING,WHOLE DAY,SUN & PH FR 7AM-10.30PM,YES,0,4.15,N,POINT (11545024.53742415 149835.4398356033),1.3458708704867612,103.71071997503024,blk 185 / 187 boon lay ave
1975.0,217,boon lay ave,jw,10.5,0.0,0.0,0.0,169.0,0.0,0.0,169.0,31.0,"['216', '217', '219', '220']",4.0,1,1.34948262227609,103.71102031899099,POINT (11545057.97156093 150237.6094519956),BL9,blk 185  /  187 boon lay ave,14356.1152,36445.4219,SURFACE CAR PARK,ELECTRONIC PARKING,WHOLE DAY,SUN & PH FR 7AM-10.30PM,YES,0,4.15,N,POINT (11545024.53742415 149835.4398356033),1.3458708704867612,103.71071997503024,blk 185 / 187 boon lay ave
1975.0,219,boon lay ave,jw,10.5,0.0,0.0,0.0,169.0,0.0,0.0,169.0,31.0,"['216', '217', '219', '220']",4.0,1,1.349395775755,103.71081959508801,POINT (11545035.62707826 150227.9390595104),BL9,blk 185  /  187 boon lay ave,14356.1152,36445.4219,SURFACE CAR PARK,ELECTRONIC PARKING,WHOLE DAY,SUN & PH FR 7AM-10.30PM,YES,0,4.15,N,POINT (11545024.53742415 149835.4398356033),1.3458708704867612,103.71071997503024,blk 185 / 187 boon lay ave
1975.0,220,boon lay ave,jw,10.5,0.0,0.0,0.0,169.0,0.0,0.0,169.0,31.0,"['216', '217', '219', '220']",4.0,1,1.34926379671314,103.70935646820699,POINT (11544872.7525389 150213.2431446838),BL9,blk 185  /  187 boon lay ave,14356.1152,36445.4219,SURFACE CAR PARK,ELECTRONIC PARKING,WHOLE DAY,SUN & PH FR 7AM-10.30PM,YES,0,4.15,N,POINT (11545024.53742415 149835.4398356033),1.3458708704867612,103.71071997503024,blk 185 / 187 boon lay ave
1973.0,88,zion rd,bm,14.0,0.0,0.0,103.8,22.0,1.4,0.0,127.2,33.0,"['88', '89', '90', '91', '92']",5.0,1,1.29432953718611,103.830674164813,POINT (11558377.77674929 144096.3614481504),H3,blk 87 zion rd,27910.6083,30378.7005,SURFACE CAR PARK,ELECTRONIC PARKING,WHOLE DAY,NO,YES,0,2.4,N,POINT (11558582.73737551 143726.5919793871),1.2910086868911086,103.83251535744479,blk 87 zion rd
1973.0,89,zion rd,bm,14.0,0.0,0.0,103.8,22.0,1.4,0.0,127.2,33.0,"['88', '89', '90', '91', '92']",5.0,1,1.29426164130111,103.83070076716801,POINT (11558380.7381099 144088.8013839534),H3,blk 87 zion rd,27910.6083,30378.7005,SURFACE CAR PARK,ELECTRONIC PARKING,WHOLE DAY,NO,YES,0,2.4,N,POINT (11558582.73737551 143726.5919793871),1.2910086868911086,103.83251535744479,blk 87 zion rd
1973.0,90,zion rd,bm,14.0,0.0,0.0,103.8,22.0,1.4,0.0,127.2,33.0,"['88', '89', '90', '91', '92']",5.0,1,1.29432953718611,103.830674164813,POINT (11558377.77674929 144096.3614481504),H3,blk 87 zion rd,27910.6083,30378.7005,SURFACE CAR PARK,ELECTRONIC PARKING,WHOLE DAY,NO,YES,0,2.4,N,POINT (11558582.73737551 143726.5919793871),1.2910086868911086,103.83251535744479,blk 87 zion rd
1973.0,91,zion rd,bm,14.0,0.0,0.0,103.8,22.0,1.4,0.0,127.2,33.0,"['88', '89', '90', '91', '92']",5.0,1,1.2927633389269195,103.83113120067,POINT (11558428.65374816 143921.9686129003),H3,blk 87 zion rd,27910.6083,30378.7005,SURFACE CAR PARK,ELECTRONIC PARKING,WHOLE DAY,NO,YES,0,2.4,N,POINT (11558582.73737551 143726.5919793871),1.2910086868911086,103.83251535744479,blk 87 zion rd
1973.0,92,zion rd,bm,14.0,0.0,0.0,103.8,22.0,1.4,0.0,127.2,33.0,"['88', '89', '90', '91', '92']",5.0,1,1.29291846505991,103.831126342052,POINT (11558428.11288928 143939.2415721014),H3,blk 87 zion rd,27910.6083,30378.7005,SURFACE CAR PARK,ELECTRONIC PARKING,WHOLE DAY,NO,YES,0,2.4,N,POINT (11558582.73737551 143726.5919793871),1.2910086868911086,103.83251535744479,blk 87 zion rd
1976.0,246,ang mo kio ave 2,amk,8.0,0.0,0.0,89.85714285714286,16.857142857142858,25.0,0.14285714285714285,131.85714285714286,30.0,"['246', '247', '248', '249', '250', '251', '252']",7.0,1,1.37727752619762,103.8344196492,POINT (11558794.72216402 153332.6002219445),A99,blk 181 ang mo kio ave 5,28433.4999,39885.5496,SURFACE CAR PARK,COUPON PARKING,7AM-10.30PM,NO,NO,0,0.0,N,POINT (11559105.77584619 153300.055591962),1.3769852572551429,103.83721389196872,blk 181 ang mo kio ave 5
1976.0,247,ang mo kio ave 2,amk,8.0,0.0,0.0,89.85714285714286,16.857142857142858,25.0,0.14285714285714285,131.85714285714286,30.0,"['246', '247', '248', '249', '250', '251', '252']",7.0,1,1.37727752619762,103.8344196492,POINT (11558794.72216402 153332.6002219445),A99,blk 181 ang mo kio ave 5,28433.4999,39885.5496,SURFACE CAR PARK,COUPON PARKING,7AM-10.30PM,NO,NO,0,0.0,N,POINT (11559105.77584619 153300.055591962),1.3769852572551429,103.83721389196872,blk 181 ang mo kio ave 5
1976.0,248,ang mo kio ave 2,amk,8.0,0.0,0.0,89.85714285714286,16.857142857142858,25.0,0.14285714285714285,131.85714285714286,30.0,"['246', '247', '248', '249', '250', '251', '252']",7.0,1,1.37744630297896,103.833505188627,POINT (11558692.92487869 153351.3937974194),A99,blk 181 ang mo kio ave 5,28433.4999,39885.5496,SURFACE CAR PARK,COUPON PARKING,7AM-10.30PM,NO,NO,0,0.0,N,POINT (11559105.77584619 153300.055591962),1.3769852572551429,103.83721389196872,blk 181 ang mo kio ave 5
1976.0,249,ang mo kio ave 2,amk,8.0,0.0,0.0,89.85714285714286,16.857142857142858,25.0,0.14285714285714285,131.85714285714286,30.0,"['246', '247', '248', '249', '250', '251', '252']",7.0,1,1.3770478571896698,103.83453625533001,POINT (11558807.70269904 153307.0261978372),A99,blk 181 ang mo kio ave 5,28433.4999,39885.5496,SURFACE CAR PARK,COUPON PARKING,7AM-10.30PM,NO,NO,0,0.0,N,POINT (11559105.77584619 153300.055591962),1.3769852572551429,103.83721389196872,blk 181 ang mo kio ave 5
1976.0,250,ang mo kio ave 2,amk,8.0,0.0,0.0,89.85714285714286,16.857142857142858,25.0,0.14285714285714285,131.85714285714286,30.0,"['246', '247', '248', '249', '250', '251', '252']",7.0,1,1.3773046274651202,103.834238557601,POINT (11558774.56313943 153335.617993091),A99,blk 181 ang mo kio ave 5,28433.4999,39885.5496,SURFACE CAR PARK,COUPON PARKING,7AM-10.30PM,NO,NO,0,0.0,N,POINT (11559105.77584619 153300.055591962),1.3769852572551429,103.83721389196872,blk 181 ang mo kio ave 5
1976.0,251,ang mo kio ave 2,amk,8.0,0.0,0.0,89.85714285714286,16.857142857142858,25.0,0.14285714285714285,131.85714285714286,30.0,"['246', '247', '248', '249', '250', '251', '252']",7.0,1,1.3780098018256,103.836011208824,POINT (11558971.89377094 153414.1403413948),A99,blk 181 ang mo kio ave 5,28433.4999,39885.5496,SURFACE CAR PARK,COUPON PARKING,7AM-10.30PM,NO,NO,0,0.0,N,POINT (11559105.77584619 153300.055591962),1.3769852572551429,103.83721389196872,blk 181 ang mo kio ave 5
1976.0,252,ang mo kio ave 2,amk,8.0,0.0,0.0,89.85714285714286,16.857142857142858,25.0,0.14285714285714285,131.85714285714286,30.0,"['246', '247', '248', '249', '250', '251', '252']",7.0,1,1.3758844942106798,103.834226632654,POINT (11558773.23566041 153177.483842766),A82,blk 173  /  176 ang mo kio ave 4,28342.7741,39740.6593,SURFACE CAR PARK,ELECTRONIC PARKING,WHOLE DAY,SUN & PH FR 7AM-10.30PM,YES,0,0.0,N,POINT (11559015.02382845 153154.1476877932),1.375674922394817,103.83639865272272,blk 173 / 176 ang mo kio ave 4
1976.0,9,ghim moh rd,qt,14.67,0.0,0.0,79.0,87.83333333333331,0.8333333333333334,0.0,167.66666666666666,30.0,"['9', '10', '11', '12', '9a', '12a']",6.0,1,1.31128823600905,103.787230603612,POINT (11553541.66163815 145984.6833114981),GM2,blk 7  /  8  /  9 ghim moh rd,22974.2865,32655.7823,SURFACE CAR PARK,ELECTRONIC PARKING,WHOLE DAY,SUN & PH FR 7AM-10.30PM,YES,0,4.5,N,POINT (11553645.13034049 146019.5540225195),1.3116014028826541,103.78816007877944,blk 7 / 8 / 9 ghim moh rd
1976.0,10,ghim moh rd,qt,14.67,0.0,0.0,79.0,87.83333333333331,0.8333333333333334,0.0,167.66666666666666,30.0,"['9', '10', '11', '12', '9a', '12a']",6.0,1,1.30949418096489,103.788724560909,POINT (11553707.96820372 145784.9177744941),GM6A,blk 13a ghim moh rd,23036.915,32422.5932,MULTI-STOREY CAR PARK,ELECTRONIC PARKING,7AM-7PM,SUN & PH FR 7AM-10.30PM,NO,5,2.15,N,POINT (11553707.77927818 145784.7343558249),1.3094925337172718,103.788722863762,blk 13a ghim moh rd
1976.0,11,ghim moh rd,qt,14.67,0.0,0.0,79.0,87.83333333333331,0.8333333333333334,0.0,167.66666666666666,30.0,"['9', '10', '11', '12', '9a', '12a']",6.0,1,1.3093102262281495,103.789686083335,POINT (11553815.00439056 145764.4346781785),GM6A,blk 13a ghim moh rd,23036.915,32422.5932,MULTI-STOREY CAR PARK,ELECTRONIC PARKING,7AM-7PM,SUN & PH FR 7AM-10.30PM,NO,5,2.15,N,POINT (11553707.77927818 145784.7343558249),1.3094925337172718,103.788722863762,blk 13a ghim moh rd
1976.0,12,ghim moh rd,qt,14.67,0.0,0.0,79.0,87.83333333333331,0.8333333333333334,0.0,167.66666666666666,30.0,"['9', '10', '11', '12', '9a', '12a']",6.0,1,1.31182111083205,103.787326110924,POINT (11553552.29346349 146044.0182103812),GM6A,blk 13a ghim moh rd,23036.915,32422.5932,MULTI-STOREY CAR PARK,ELECTRONIC PARKING,7AM-7PM,SUN & PH FR 7AM-10.30PM,NO,5,2.15,N,POINT (11553707.77927818 145784.7343558249),1.3094925337172718,103.788722863762,blk 13a ghim moh rd
1976.0,9a,ghim moh rd,qt,14.67,0.0,0.0,79.0,87.83333333333331,0.8333333333333334,0.0,167.66666666666666,30.0,"['9', '10', '11', '12', '9a', '12a']",6.0,1,1.3096378936473798,103.78764714946199,POINT (11553588.03131006 145800.9199767825),GM6B,blk 16a ghim moh rd,22917.7735,32435.7026,MULTI-STOREY CAR PARK,ELECTRONIC PARKING,WHOLE DAY,SUN & PH FR 7AM-10.30PM,YES,7,2.15,N,POINT (11553588.60666132 145797.933320733),1.3096110710678959,103.78765231793031,blk 16a ghim moh rd
1976.0,12a,ghim moh rd,qt,14.67,0.0,0.0,79.0,87.83333333333331,0.8333333333333334,0.0,167.66666666666666,30.0,"['9', '10', '11', '12', '9a', '12a']",6.0,1,1.31307616572182,103.787581244962,POINT (11553580.69485468 146183.766943809),GM1B,blk 5a ghim moh rd,22985.068,32801.7739,MULTI-STOREY CAR PARK,ELECTRONIC PARKING,WHOLE DAY,SUN & PH FR 7AM-10.30PM,YES,2,2.15,N,POINT (11553655.91201272 146166.5674653045),1.3129217007451546,103.78825693218896,blk 5a ghim moh rd
1975.0,94,henderson rd,bm,14.0,0.0,0.0,179.0,84.0,2.5,0.0,265.5,32.0,"['94', '96']",2.0,1,1.28754291526066,103.821337244768,POINT (11557338.3955643 143340.6863496782),HRM,blk 96 henderson rd,26668.6582,29993.0383,MULTI-STOREY CAR PARK,ELECTRONIC PARKING,WHOLE DAY,SUN & PH FR 7AM-10.30PM,YES,9,2.15,N,POINT (11557340.47587043 143338.2311305442),1.287520865220459,103.82135593247592,blk 96 henderson rd
1975.0,96,henderson rd,bm,14.0,0.0,0.0,179.0,84.0,2.5,0.0,265.5,32.0,"['94', '96']",2.0,1,1.28754291526066,103.821337244768,POINT (11557338.3955643 143340.6863496782),HRM,blk 96 henderson rd,26668.6582,29993.0383,MULTI-STOREY CAR PARK,ELECTRONIC PARKING,WHOLE DAY,SUN & PH FR 7AM-10.30PM,YES,9,2.15,N,POINT (11557340.47587043 143338.2311305442),1.287520865220459,103.82135593247592,blk 96 henderson rd
1950.0,17,silat walk,bm,3.5,0.0,0.0,11.076923076923077,4.9230769230769225,0.0,0.0,16.0,57.0,"['17', '18', '19', '22', '23', '24', '25', '26', '27', '28', '29', '30', '31']",13.0,1,1.27736066510424,103.831600213349,POINT (11558480.86400077 142206.9194494769),TE25,blk 17  /  31  /  141  /  150 kg bahru rd,27718.3359,28870.7891,SURFACE CAR PARK,ELECTRONIC PARKING,7AM-10.30PM,SUN & PH FR 7AM-10.30PM,NO,0,4.5,N,POINT (11558390.41798488 142208.1441556537),1.2773716640930206,103.83078772296444,blk 17 / 31 / 141 / 150 kg bahru rd
1950.0,19,silat walk,bm,3.5,0.0,0.0,11.076923076923077,4.9230769230769225,0.0,0.0,16.0,57.0,"['17', '18', '19', '22', '23', '24', '25', '26', '27', '28', '29', '30', '31']",13.0,1,1.27707706824335,103.83142585691601,POINT (11558461.45473143 142175.3417458786),TE25,blk 17  /  31  /  141  /  150 kg bahru rd,27718.3359,28870.7891,SURFACE CAR PARK,ELECTRONIC PARKING,7AM-10.30PM,SUN & PH FR 7AM-10.30PM,NO,0,4.5,N,POINT (11558390.41798488 142208.1441556537),1.2773716640930206,103.83078772296444,blk 17 / 31 / 141 / 150 kg bahru rd
1950.0,23,silat walk,bm,3.5,0.0,0.0,11.076923076923077,4.9230769230769225,0.0,0.0,16.0,57.0,"['17', '18', '19', '22', '23', '24', '25', '26', '27', '28', '29', '30', '31']",13.0,1,1.27727696508459,103.831093355841,POINT (11558424.44088107 142197.5996900598),TE25,blk 17  /  31  /  141  /  150 kg bahru rd,27718.3359,28870.7891,SURFACE CAR PARK,ELECTRONIC PARKING,7AM-10.30PM,SUN & PH FR 7AM-10.30PM,NO,0,4.5,N,POINT (11558390.41798488 142208.1441556537),1.2773716640930206,103.83078772296444,blk 17 / 31 / 141 / 150 kg bahru rd
1950.0,25,silat walk,bm,3.5,0.0,0.0,11.076923076923077,4.9230769230769225,0.0,0.0,16.0,57.0,"['17', '18', '19', '22', '23', '24', '25', '26', '27', '28', '29', '30', '31']",13.0,1,1.27688315064167,103.830883904963,POINT (11558401.12491599 142153.7495746546),TE25,blk 17  /  31  /  141  /  150 kg bahru rd,27718.3359,28870.7891,SURFACE CAR PARK,ELECTRONIC PARKING,7AM-10.30PM,SUN & PH FR 7AM-10.30PM,NO,0,4.5,N,POINT (11558390.41798488 142208.1441556537),1.2773716640930206,103.83078772296444,blk 17 / 31 / 141 / 150 kg bahru rd
1950.0,26,silat walk,bm,3.5,0.0,0.0,11.076923076923077,4.9230769230769225,0.0,0.0,16.0,57.0,"['17', '18', '19', '22', '23', '24', '25', '26', '27', '28', '29', '30', '31']",13.0,1,1.27688315064167,103.830883904963,POINT (11558401.12491599 142153.7495746546),TE25,blk 17  /  31  /  141  /  150 kg bahru rd,27718.3359,28870.7891,SURFACE CAR PARK,ELECTRONIC PARKING,7AM-10.30PM,SUN & PH FR 7AM-10.30PM,NO,0,4.5,N,POINT (11558390.41798488 142208.1441556537),1.2773716640930206,103.83078772296444,blk 17 / 31 / 141 / 150 kg bahru rd
1950.0,27,silat walk,bm,3.5,0.0,0.0,11.076923076923077,4.9230769230769225,0.0,0.0,16.0,57.0,"['17', '18', '19', '22', '23', '24', '25', '26', '27', '28', '29', '30', '31']",13.0,1,1.2763901192721498,103.83027133017099,POINT (11558332.93340207 142098.8519468217),TE25,blk 17  /  31  /  141  /  150 kg bahru rd,27718.3359,28870.7891,SURFACE CAR PARK,ELECTRONIC PARKING,7AM-10.30PM,SUN & PH FR 7AM-10.30PM,NO,0,4.5,N,POINT (11558390.41798488 142208.1441556537),1.2773716640930206,103.83078772296444,blk 17 / 31 / 141 / 150 kg bahru rd
1950.0,29,silat walk,bm,3.5,0.0,0.0,11.076923076923077,4.9230769230769225,0.0,0.0,16.0,57.0,"['17', '18', '19', '22', '23', '24', '25', '26', '27', '28', '29', '30', '31']",13.0,1,1.2763901192721498,103.83027133017099,POINT (11558332.93340207 142098.8519468217),TE25,blk 17  /  31  /  141  /  150 kg bahru rd,27718.3359,28870.7891,SURFACE CAR PARK,ELECTRONIC PARKING,7AM-10.30PM,SUN & PH FR 7AM-10.30PM,NO,0,4.5,N,POINT (11558390.41798488 142208.1441556537),1.2773716640930206,103.83078772296444,blk 17 / 31 / 141 / 150 kg bahru rd
1950.0,31,silat walk,bm,3.5,0.0,0.0,11.076923076923077,4.9230769230769225,0.0,0.0,16.0,57.0,"['17', '18', '19', '22', '23', '24', '25', '26', '27', '28', '29', '30', '31']",13.0,1,1.27707706824335,103.83142585691601,POINT (11558461.45473143 142175.3417458786),TE25,blk 17  /  31  /  141  /  150 kg bahru rd,27718.3359,28870.7891,SURFACE CAR PARK,ELECTRONIC PARKING,7AM-10.30PM,SUN & PH FR 7AM-10.30PM,NO,0,4.5,N,POINT (11558390.41798488 142208.1441556537),1.2773716640930206,103.83078772296444,blk 17 / 31 / 141 / 150 kg bahru rd
1950.0,18,silat walk,bm,3.5,0.0,0.0,11.076923076923077,4.9230769230769225,0.0,0.0,16.0,57.0,"['17', '18', '19', '22', '23', '24', '25', '26', '27', '28', '29', '30', '31']",13.0,1,1.27628087754899,103.829795380026,POINT (11558279.95087428 142086.6881959316),TE14,blk 140  /  142 jln bt merah,27503.2019,28827.5456,SURFACE CAR PARK,ELECTRONIC PARKING,7AM-10.30PM,SUN & PH FR 7AM-10.30PM,NO,0,4.5,N,POINT (11558175.23094268 142164.5983193842),1.2769805823717464,103.8288546648749,blk 140 / 142 jln bt merah
1950.0,22,silat walk,bm,3.5,0.0,0.0,11.076923076923077,4.9230769230769225,0.0,0.0,16.0,57.0,"['17', '18', '19', '22', '23', '24', '25', '26', '27', '28', '29', '30', '31']",13.0,1,1.27604839626379,103.82936381544,POINT (11558231.90932433 142060.8020768736),TE14,blk 140  /  142 jln bt merah,27503.2019,28827.5456,SURFACE CAR PARK,ELECTRONIC PARKING,7AM-10.30PM,SUN & PH FR 7AM-10.30PM,NO,0,4.5,N,POINT (11558175.23094268 142164.5983193842),1.2769805823717464,103.8288546648749,blk 140 / 142 jln bt merah
1950.0,24,silat walk,bm,3.5,0.0,0.0,11.076923076923077,4.9230769230769225,0.0,0.0,16.0,57.0,"['17', '18', '19', '22', '23', '24', '25', '26', '27', '28', '29', '30', '31']",13.0,1,1.27604839626379,103.82936381544,POINT (11558231.90932433 142060.8020768736),TE14,blk 140  /  142 jln bt merah,27503.2019,28827.5456,SURFACE CAR PARK,ELECTRONIC PARKING,7AM-10.30PM,SUN & PH FR 7AM-10.30PM,NO,0,4.5,N,POINT (11558175.23094268 142164.5983193842),1.2769805823717464,103.8288546648749,blk 140 / 142 jln bt merah
1950.0,28,silat walk,bm,3.5,0.0,0.0,11.076923076923077,4.9230769230769225,0.0,0.0,16.0,57.0,"['17', '18', '19', '22', '23', '24', '25', '26', '27', '28', '29', '30', '31']",13.0,1,1.27604839626379,103.82936381544,POINT (11558231.90932433 142060.8020768736),TE14,blk 140  /  142 jln bt merah,27503.2019,28827.5456,SURFACE CAR PARK,ELECTRONIC PARKING,7AM-10.30PM,SUN & PH FR 7AM-10.30PM,NO,0,4.5,N,POINT (11558175.23094268 142164.5983193842),1.2769805823717464,103.8288546648749,blk 140 / 142 jln bt merah
1950.0,30,silat walk,bm,3.5,0.0,0.0,11.076923076923077,4.9230769230769225,0.0,0.0,16.0,57.0,"['17', '18', '19', '22', '23', '24', '25', '26', '27', '28', '29', '30', '31']",13.0,1,1.27628087754899,103.829795380026,POINT (11558279.95087428 142086.6881959316),TE14,blk 140  /  142 jln bt merah,27503.2019,28827.5456,SURFACE CAR PARK,ELECTRONIC PARKING,7AM-10.30PM,SUN & PH FR 7AM-10.30PM,NO,0,4.5,N,POINT (11558175.23094268 142164.5983193842),1.2769805823717464,103.8288546648749,blk 140 / 142 jln bt merah
1977.0,401,clementi ave 1,cl,13.0,0.0,0.0,113.85714285714286,51.42857142857143,1.1428571428571428,1.2857142857142858,167.71428571428572,30.0,"['401', '402', '403', '404', '407', '408', '409']",7.0,1,1.3109658051563702,103.76786340603701,POINT (11551385.71506601 145948.7810733985),C5,"blk 358-360  ,  362-363  ,  366-367 clementi ave 2",20905.8297,32821.8286,SURFACE CAR PARK,ELECTRONIC PARKING,WHOLE DAY,SUN & PH FR 7AM-10.30PM,YES,0,0.0,N,POINT (11551576.13179837 146186.7169425602),1.313102659052513,103.76957394864732,"blk 358-360 , 362-363 , 366-367 clementi ave 2 358 359 360 362 363 366 367"
1977.0,407,clementi ave 1,cl,13.0,0.0,0.0,113.85714285714286,51.42857142857143,1.1428571428571428,1.2857142857142858,167.71428571428572,30.0,"['401', '402', '403', '404', '407', '408', '409']",7.0,1,1.3109658051563702,103.76786340603701,POINT (11551385.71506601 145948.7810733985),C5,"blk 358-360  ,  362-363  ,  366-367 clementi ave 2",20905.8297,32821.8286,SURFACE CAR PARK,ELECTRONIC PARKING,WHOLE DAY,SUN & PH FR 7AM-10.30PM,YES,0,0.0,N,POINT (11551576.13179837 146186.7169425602),1.313102659052513,103.76957394864732,"blk 358-360 , 362-363 , 366-367 clementi ave 2 358 359 360 362 363 366 367"
1977.0,402,clementi ave 1,cl,13.0,0.0,0.0,113.85714285714286,51.42857142857143,1.1428571428571428,1.2857142857142858,167.71428571428572,30.0,"['401', '402', '403', '404', '407', '408', '409']",7.0,1,1.3097910211685502,103.768657661297,POINT (11551474.13115711 145817.9705089459),C4M,blk 413a c'wealth ave west,21009.1656,32642.4126,MULTI-STOREY CAR PARK,ELECTRONIC PARKING,WHOLE DAY,NO,YES,9,2.0,N,POINT (11551679.49910391 146006.0480773017),1.3114801086975745,103.77050251295181,blk 413a c'wealth ave west
1977.0,403,clementi ave 1,cl,13.0,0.0,0.0,113.85714285714286,51.42857142857143,1.1428571428571428,1.2857142857142858,167.71428571428572,30.0,"['401', '402', '403', '404', '407', '408', '409']",7.0,1,1.30925465460082,103.76766272974899,POINT (11551363.37588381 145758.2468574094),C4M,blk 413a c'wealth ave west,21009.1656,32642.4126,MULTI-STOREY CAR PARK,ELECTRONIC PARKING,WHOLE DAY,NO,YES,9,2.0,N,POINT (11551679.49910391 146006.0480773017),1.3114801086975745,103.77050251295181,blk 413a c'wealth ave west
1977.0,404,clementi ave 1,cl,13.0,0.0,0.0,113.85714285714286,51.42857142857143,1.1428571428571428,1.2857142857142858,167.71428571428572,30.0,"['401', '402', '403', '404', '407', '408', '409']",7.0,1,1.30982536445829,103.77007316985001,POINT (11551631.70484844 145821.7945856616),C4M,blk 413a c'wealth ave west,21009.1656,32642.4126,MULTI-STOREY CAR PARK,ELECTRONIC PARKING,WHOLE DAY,NO,YES,9,2.0,N,POINT (11551679.49910391 146006.0480773017),1.3114801086975745,103.77050251295181,blk 413a c'wealth ave west
1977.0,408,clementi ave 1,cl,13.0,0.0,0.0,113.85714285714286,51.42857142857143,1.1428571428571428,1.2857142857142858,167.71428571428572,30.0,"['401', '402', '403', '404', '407', '408', '409']",7.0,1,1.31017571904179,103.77000324485,POINT (11551623.92083305 145860.8060757639),C4M,blk 413a c'wealth ave west,21009.1656,32642.4126,MULTI-STOREY CAR PARK,ELECTRONIC PARKING,WHOLE DAY,NO,YES,9,2.0,N,POINT (11551679.49910391 146006.0480773017),1.3114801086975745,103.77050251295181,blk 413a c'wealth ave west
1977.0,409,clementi ave 1,cl,13.0,0.0,0.0,113.85714285714286,51.42857142857143,1.1428571428571428,1.2857142857142858,167.71428571428572,30.0,"['401', '402', '403', '404', '407', '408', '409']",7.0,1,1.30945612208307,103.769918822857,POINT (11551614.52301977 145780.6799724203),C4M,blk 413a c'wealth ave west,21009.1656,32642.4126,MULTI-STOREY CAR PARK,ELECTRONIC PARKING,WHOLE DAY,NO,YES,9,2.0,N,POINT (11551679.49910391 146006.0480773017),1.3114801086975745,103.77050251295181,blk 413a c'wealth ave west
1976.0,2,teban gardens rd,je,14.67,0.0,0.0,67.2,12.0,12.5,0.0,91.7,31.0,"['2', '3', '4', '5', '6', '7', '8', '9', '10', '11']",10.0,1,1.32253491698752,103.73722725885,POINT (11547975.31476128 147236.9888854711),TG1,blk 24 & 25 teban gdns,17351.3149,33950.9498,SURFACE CAR PARK,ELECTRONIC PARKING,WHOLE DAY,SUN & PH FR 7AM-10.30PM,YES,0,0.0,N,POINT (11548020.64968462 147323.6269891111),1.323312992864623,103.7376345093954,blk 24 & 25 teban gdns
1976.0,6,teban gardens rd,je,14.67,0.0,0.0,67.2,12.0,12.5,0.0,91.7,31.0,"['2', '3', '4', '5', '6', '7', '8', '9', '10', '11']",10.0,1,1.3232973432575,103.739388082047,POINT (11548215.85649927 147321.884418069),TG1,blk 24 & 25 teban gdns,17351.3149,33950.9498,SURFACE CAR PARK,ELECTRONIC PARKING,WHOLE DAY,SUN & PH FR 7AM-10.30PM,YES,0,0.0,N,POINT (11548020.64968462 147323.6269891111),1.323312992864623,103.7376345093954,blk 24 & 25 teban gdns
1976.0,7,teban gardens rd,je,14.67,0.0,0.0,67.2,12.0,12.5,0.0,91.7,31.0,"['2', '3', '4', '5', '6', '7', '8', '9', '10', '11']",10.0,1,1.32253491698752,103.73722725885,POINT (11547975.31476128 147236.9888854711),TG1,blk 24 & 25 teban gdns,17351.3149,33950.9498,SURFACE CAR PARK,ELECTRONIC PARKING,WHOLE DAY,SUN & PH FR 7AM-10.30PM,YES,0,0.0,N,POINT (11548020.64968462 147323.6269891111),1.323312992864623,103.7376345093954,blk 24 & 25 teban gdns
1976.0,3,teban gardens rd,je,14.67,0.0,0.0,67.2,12.0,12.5,0.0,91.7,31.0,"['2', '3', '4', '5', '6', '7', '8', '9', '10', '11']",10.0,1,1.32100982297017,103.73748275185,POINT (11548003.75611194 147067.1710102169),TG3,blk 30  /  31  /  46  /  48 teban gdns,17500.7539,33654.8242,SURFACE CAR PARK,ELECTRONIC PARKING,WHOLE DAY,SUN & PH FR 7AM-10.30PM,YES,0,3.39,N,POINT (11548170.13933131 147025.4340457675),1.320634993058801,103.73897739773975,blk 30 / 31 / 46 / 48 teban gdns
1976.0,4,teban gardens rd,je,14.67,0.0,0.0,67.2,12.0,12.5,0.0,91.7,31.0,"['2', '3', '4', '5', '6', '7', '8', '9', '10', '11']",10.0,1,1.32117309678604,103.73893235112,POINT (11548165.12476453 147085.3514007885),TG3,blk 30  /  31  /  46  /  48 teban gdns,17500.7539,33654.8242,SURFACE CAR PARK,ELECTRONIC PARKING,WHOLE DAY,SUN & PH FR 7AM-10.30PM,YES,0,3.39,N,POINT (11548170.13933131 147025.4340457675),1.320634993058801,103.73897739773975,blk 30 / 31 / 46 / 48 teban gdns
1976.0,11,teban gardens rd,je,14.67,0.0,0.0,67.2,12.0,12.5,0.0,91.7,31.0,"['2', '3', '4', '5', '6', '7', '8', '9', '10', '11']",10.0,1,1.32117309678604,103.73893235112,POINT (11548165.12476453 147085.3514007885),TG3,blk 30  /  31  /  46  /  48 teban gdns,17500.7539,33654.8242,SURFACE CAR PARK,ELECTRONIC PARKING,WHOLE DAY,SUN & PH FR 7AM-10.30PM,YES,0,3.39,N,POINT (11548170.13933131 147025.4340457675),1.320634993058801,103.73897739773975,blk 30 / 31 / 46 / 48 teban gdns
1976.0,5,teban gardens rd,je,14.67,0.0,0.0,67.2,12.0,12.5,0.0,91.7,31.0,"['2', '3', '4', '5', '6', '7', '8', '9', '10', '11']",10.0,1,1.31987963533783,103.741754021124,POINT (11548479.23163256 146941.3256802814),TGML,blk 64 and 65 teban gdns rd,17541.2774,33778.08,SURFACE CAR PARK,ELECTRONIC PARKING,NO,NO,NO,0,0.0,N,POINT (11548210.66880777 147149.5542401775),1.3217496873149595,103.73934148022144,blk 64 and 65 teban gdns rd
1976.0,8,teban gardens rd,je,14.67,0.0,0.0,67.2,12.0,12.5,0.0,91.7,31.0,"['2', '3', '4', '5', '6', '7', '8', '9', '10', '11']",10.0,1,1.32137890995421,103.739779356356,POINT (11548259.4129561 147108.2685111677),TGML,blk 64 and 65 teban gdns rd,17541.2774,33778.08,SURFACE CAR PARK,ELECTRONIC PARKING,NO,NO,NO,0,0.0,N,POINT (11548210.66880777 147149.5542401775),1.3217496873149595,103.73934148022144,blk 64 and 65 teban gdns rd
1976.0,9,teban gardens rd,je,14.67,0.0,0.0,67.2,12.0,12.5,0.0,91.7,31.0,"['2', '3', '4', '5', '6', '7', '8', '9', '10', '11']",10.0,1,1.32005146692876,103.741129936544,POINT (11548409.75885491 146960.4589626389),TGML,blk 64 and 65 teban gdns rd,17541.2774,33778.08,SURFACE CAR PARK,ELECTRONIC PARKING,NO,NO,NO,0,0.0,N,POINT (11548210.66880777 147149.5542401775),1.3217496873149595,103.73934148022144,blk 64 and 65 teban gdns rd
1976.0,10,teban gardens rd,je,14.67,0.0,0.0,67.2,12.0,12.5,0.0,91.7,31.0,"['2', '3', '4', '5', '6', '7', '8', '9', '10', '11']",10.0,1,1.32158649626586,103.741568922878,POINT (11548458.62659007 147131.3830613921),TG6,"blk 32  ,   39  /  41 teban gdns",17736.171,33786.4157,SURFACE CAR PARK,ELECTRONIC PARKING,WHOLE DAY,SUN & PH FR 7AM-10.30PM,YES,0,3.8,N,POINT (11548405.61336185 147157.9556536931),1.3218251384145,103.7410926969463,"blk 32 ,  39 / 41 teban gdns"
1964.0,74,commonwealth dr,qt,10.0,0.0,0.0,94.14285714285714,1.4285714285714286,0.0,0.0,95.57142857142857,44.0,"['74', '75', '76', '77', '78', '79', '80']",7.0,1,1.29948564895569,103.79838523629999,POINT (11554783.38966896 144670.4842566916),Q57,blk 46-2 c'wealth dr,24136.64,31357.44,SURFACE CAR PARK,COUPON PARKING,WHOLE DAY,SUN & PH FR 7AM-10.30PM,YES,0,0.0,N,POINT (11554807.8040751 144712.147793055),1.2998598225856595,103.79860455464187,blk 46-2 c'wealth dr
1964.0,80,commonwealth dr,qt,10.0,0.0,0.0,94.14285714285714,1.4285714285714286,0.0,0.0,95.57142857142857,44.0,"['74', '75', '76', '77', '78', '79', '80']",7.0,1,1.29996199408101,103.798227586695,POINT (11554765.84019521 144723.5243997216),Q57,blk 46-2 c'wealth dr,24136.64,31357.44,SURFACE CAR PARK,COUPON PARKING,WHOLE DAY,SUN & PH FR 7AM-10.30PM,YES,0,0.0,N,POINT (11554807.8040751 144712.147793055),1.2998598225856595,103.79860455464187,blk 46-2 c'wealth dr
1964.0,75,commonwealth dr,qt,10.0,0.0,0.0,94.14285714285714,1.4285714285714286,0.0,0.0,95.57142857142857,44.0,"['74', '75', '76', '77', '78', '79', '80']",7.0,1,1.30164998775002,103.796796430683,POINT (11554606.52463671 144911.4794333026),Q59,blk 47  /  49 tanglin halt rd,24023.14,31476.19,SURFACE CAR PARK,COUPON PARKING,WHOLE DAY,NO,YES,0,0.0,N,POINT (11554694.27339532 144831.7266696612),1.3009337412541244,103.79758469119325,blk 47 / 49 tanglin halt rd
1964.0,76,commonwealth dr,qt,10.0,0.0,0.0,94.14285714285714,1.4285714285714286,0.0,0.0,95.57142857142857,44.0,"['74', '75', '76', '77', '78', '79', '80']",7.0,1,1.30164998775002,103.796796430683,POINT (11554606.52463671 144911.4794333026),Q59,blk 47  /  49 tanglin halt rd,24023.14,31476.19,SURFACE CAR PARK,COUPON PARKING,WHOLE DAY,NO,YES,0,0.0,N,POINT (11554694.27339532 144831.7266696612),1.3009337412541244,103.79758469119325,blk 47 / 49 tanglin halt rd
1964.0,78,commonwealth dr,qt,10.0,0.0,0.0,94.14285714285714,1.4285714285714286,0.0,0.0,95.57142857142857,44.0,"['74', '75', '76', '77', '78', '79', '80']",7.0,1,1.30164998775002,103.796796430683,POINT (11554606.52463671 144911.4794333026),Q59,blk 47  /  49 tanglin halt rd,24023.14,31476.19,SURFACE CAR PARK,COUPON PARKING,WHOLE DAY,NO,YES,0,0.0,N,POINT (11554694.27339532 144831.7266696612),1.3009337412541244,103.79758469119325,blk 47 / 49 tanglin halt rd
1964.0,79,commonwealth dr,qt,10.0,0.0,0.0,94.14285714285714,1.4285714285714286,0.0,0.0,95.57142857142857,44.0,"['74', '75', '76', '77', '78', '79', '80']",7.0,1,1.30164998775002,103.796796430683,POINT (11554606.52463671 144911.4794333026),Q59,blk 47  /  49 tanglin halt rd,24023.14,31476.19,SURFACE CAR PARK,COUPON PARKING,WHOLE DAY,NO,YES,0,0.0,N,POINT (11554694.27339532 144831.7266696612),1.3009337412541244,103.79758469119325,blk 47 / 49 tanglin halt rd
1964.0,77,commonwealth dr,qt,10.0,0.0,0.0,94.14285714285714,1.4285714285714286,0.0,0.0,95.57142857142857,44.0,"['74', '75', '76', '77', '78', '79', '80']",7.0,1,1.29776101382771,103.797749838791,POINT (11554712.65754181 144478.4494290838),Q98,blk 55 c'wealth dr,23989.771,31078.5446,SURFACE CAR PARK,COUPON PARKING,7AM-7PM,NO,NO,0,4.5,N,POINT (11554660.90152976 144431.3000788972),1.2973375726157685,103.79728490662436,blk 55 c'wealth dr
1973.0,110,bukit merah view,bm,15.0,0.0,0.0,25.5,48.0,0.5,0.0,74.0,36.0,"['110', '111', '113', '114']",4.0,1,1.2827744323948302,103.82261245424601,POINT (11557480.35123405 142809.7277037146),HE4,blk 121  /  122 & 127 bt merah view,26827.4609,29545.2148,SURFACE CAR PARK,ELECTRONIC PARKING,WHOLE DAY,SUN & PH FR 7AM-10.30PM,YES,0,0.0,N,POINT (11557499.32025288 142887.2790224206),1.2834709130566515,103.8227828558414,blk 121 / 122 & 127 bt merah view
1973.0,113,bukit merah view,bm,15.0,0.0,0.0,25.5,48.0,0.5,0.0,74.0,36.0,"['110', '111', '113', '114']",4.0,1,1.2827744323948302,103.82261245424601,POINT (11557480.35123405 142809.7277037146),HE4,blk 121  /  122 & 127 bt merah view,26827.4609,29545.2148,SURFACE CAR PARK,ELECTRONIC PARKING,WHOLE DAY,SUN & PH FR 7AM-10.30PM,YES,0,0.0,N,POINT (11557499.32025288 142887.2790224206),1.2834709130566515,103.8227828558414,blk 121 / 122 & 127 bt merah view
1973.0,111,bukit merah view,bm,15.0,0.0,0.0,25.5,48.0,0.5,0.0,74.0,36.0,"['110', '111', '113', '114']",4.0,1,1.2845871279845802,103.824360319186,POINT (11557674.92266914 143011.5667091383),BMVM,blk 126a bt merah view,26866.0055,29672.9702,MULTI-STOREY CAR PARK,ELECTRONIC PARKING,WHOLE DAY,SUN & PH FR 7AM-10.30PM,YES,11,1.9,N,POINT (11557537.87395028 143015.9272416059),1.2846262894692295,103.82312918959775,blk 126a bt merah view
1973.0,114,bukit merah view,bm,15.0,0.0,0.0,25.5,48.0,0.5,0.0,74.0,36.0,"['110', '111', '113', '114']",4.0,1,1.28264675199073,103.82332711149598,POINT (11557559.90651521 142795.5108235368),BVM2,blk 129a bt merah view,26893.4354,29547.635,MULTI-STOREY CAR PARK,ELECTRONIC PARKING,WHOLE DAY,SUN & PH FR 7AM-10.30PM,YES,10,2.15,N,POINT (11557565.31118789 142889.716398808),1.2834928028879091,103.8233756624967,blk 129a bt merah view
1977.0,321,clementi ave 5,cl,10.0,0.0,0.0,97.0,27.0,0.6666666666666666,0.0,124.66666666666669,34.0,"['321', '322', '323']",3.0,1,1.31655029232795,103.766331105347,POINT (11551215.14013345 146570.6067995487),C11,"blk 321-322  ,  324-326 clementi ave 5",20523.8542,33130.6004,SURFACE CAR PARK,ELECTRONIC PARKING,WHOLE DAY,NO,YES,0,4.3,N,POINT (11551194.04857724 146497.6396044843),1.3158949898123802,103.76614163667386,"blk 321-322 , 324-326 clementi ave 5 321 322 324 325 326"
1977.0,322,clementi ave 5,cl,10.0,0.0,0.0,97.0,27.0,0.6666666666666666,0.0,124.66666666666669,34.0,"['321', '322', '323']",3.0,1,1.31615298556523,103.76632832822901,POINT (11551214.83098609 146526.367137917),C11,"blk 321-322  ,  324-326 clementi ave 5",20523.8542,33130.6004,SURFACE CAR PARK,ELECTRONIC PARKING,WHOLE DAY,NO,YES,0,4.3,N,POINT (11551194.04857724 146497.6396044843),1.3158949898123802,103.76614163667386,"blk 321-322 , 324-326 clementi ave 5 321 322 324 325 326"
1977.0,323,clementi ave 5,cl,10.0,0.0,0.0,97.0,27.0,0.6666666666666666,0.0,124.66666666666669,34.0,"['321', '322', '323']",3.0,1,1.31582936905014,103.767090144326,POINT (11551299.63596609 146490.3328077714),C11,"blk 321-322  ,  324-326 clementi ave 5",20523.8542,33130.6004,SURFACE CAR PARK,ELECTRONIC PARKING,WHOLE DAY,NO,YES,0,4.3,N,POINT (11551194.04857724 146497.6396044843),1.3158949898123802,103.76614163667386,"blk 321-322 , 324-326 clementi ave 5 321 322 324 325 326"
1963.0,1,east coast rd,bd,5.0,0.0,0.0,26.66666666666667,0.6666666666666666,0.0,0.0,27.33333333333333,48.0,"['1', '2', '3']",3.0,1,1.31176289799416,103.923113122199,POINT (11568668.03441496 146037.5362881194),SL2,blk 3 east coast rd,37997.8555,32648.7539,SURFACE CAR PARK,COUPON PARKING,WHOLE DAY,NO,YES,0,0.0,N,POINT (11568672.60536771 146012.3415225982),1.31153662886822,103.92315418376623,blk 3 east coast rd
1963.0,2,east coast rd,bd,5.0,0.0,0.0,26.66666666666667,0.6666666666666666,0.0,0.0,27.33333333333333,48.0,"['1', '2', '3']",3.0,1,1.31190862291576,103.923474271929,POINT (11568708.237419 146053.7625650749),SL2,blk 3 east coast rd,37997.8555,32648.7539,SURFACE CAR PARK,COUPON PARKING,WHOLE DAY,NO,YES,0,0.0,N,POINT (11568672.60536771 146012.3415225982),1.31153662886822,103.92315418376623,blk 3 east coast rd
1963.0,3,east coast rd,bd,5.0,0.0,0.0,26.66666666666667,0.6666666666666666,0.0,0.0,27.33333333333333,48.0,"['1', '2', '3']",3.0,1,1.31155871137394,103.92329140558901,POINT (11568687.88083115 146014.8003800697),SL2,blk 3 east coast rd,37997.8555,32648.7539,SURFACE CAR PARK,COUPON PARKING,WHOLE DAY,NO,YES,0,0.0,N,POINT (11568672.60536771 146012.3415225982),1.31153662886822,103.92315418376623,blk 3 east coast rd
1955.0,2,redhill cl,bm,7.0,0.0,0.0,41.66666666666666,0.14285714285714285,0.0,0.0,41.80952380952381,56.0,"['1', '2', '3', '5', '6', '7', '8', '9', '10', '11', '12', '13', '14', '15', '16', '17', '18', '19', '20', '21', '22']",21.0,1,1.2844084605685,103.81726277524099,POINT (11556884.8276913 142991.6725441768),BM21,blk 17 redhill close,26296.1582,29735.998,SURFACE CAR PARK,COUPON PARKING,WHOLE DAY,SUN & PH FR 7AM-10.30PM,YES,0,0.0,N,POINT (11556967.88398458 143079.3925877197),1.2851962650167004,103.81800888261792,blk 17 redhill close
1955.0,3,redhill cl,bm,7.0,0.0,0.0,41.66666666666666,0.14285714285714285,0.0,0.0,41.80952380952381,56.0,"['1', '2', '3', '5', '6', '7', '8', '9', '10', '11', '12', '13', '14', '15', '16', '17', '18', '19', '20', '21', '22']",21.0,1,1.2845548042003898,103.81670090075701,POINT (11556822.28010986 143007.9675374073),BM21,blk 17 redhill close,26296.1582,29735.998,SURFACE CAR PARK,COUPON PARKING,WHOLE DAY,SUN & PH FR 7AM-10.30PM,YES,0,0.0,N,POINT (11556967.88398458 143079.3925877197),1.2851962650167004,103.81800888261792,blk 17 redhill close
1955.0,5,redhill cl,bm,7.0,0.0,0.0,41.66666666666666,0.14285714285714285,0.0,0.0,41.80952380952381,56.0,"['1', '2', '3', '5', '6', '7', '8', '9', '10', '11', '12', '13', '14', '15', '16', '17', '18', '19', '20', '21', '22']",21.0,1,1.28460167832739,103.817616831948,POINT (11556924.24110364 143013.1868530758),BM21,blk 17 redhill close,26296.1582,29735.998,SURFACE CAR PARK,COUPON PARKING,WHOLE DAY,SUN & PH FR 7AM-10.30PM,YES,0,0.0,N,POINT (11556967.88398458 143079.3925877197),1.2851962650167004,103.81800888261792,blk 17 redhill close
1955.0,6,redhill cl,bm,7.0,0.0,0.0,41.66666666666666,0.14285714285714285,0.0,0.0,41.80952380952381,56.0,"['1', '2', '3', '5', '6', '7', '8', '9', '10', '11', '12', '13', '14', '15', '16', '17', '18', '19', '20', '21', '22']",21.0,1,1.2848182446287,103.816961357218,POINT (11556851.27399047 143037.3009650715),BM21,blk 17 redhill close,26296.1582,29735.998,SURFACE CAR PARK,COUPON PARKING,WHOLE DAY,SUN & PH FR 7AM-10.30PM,YES,0,0.0,N,POINT (11556967.88398458 143079.3925877197),1.2851962650167004,103.81800888261792,blk 17 redhill close
1955.0,7,redhill cl,bm,7.0,0.0,0.0,41.66666666666666,0.14285714285714285,0.0,0.0,41.80952380952381,56.0,"['1', '2', '3', '5', '6', '7', '8', '9', '10', '11', '12', '13', '14', '15', '16', '17', '18', '19', '20', '21', '22']",21.0,1,1.28491655264516,103.81762540958401,POINT (11556925.19596171 143048.2473156843),BM21,blk 17 redhill close,26296.1582,29735.998,SURFACE CAR PARK,COUPON PARKING,WHOLE DAY,SUN & PH FR 7AM-10.30PM,YES,0,0.0,N,POINT (11556967.88398458 143079.3925877197),1.2851962650167004,103.81800888261792,blk 17 redhill close
1955.0,8,redhill cl,bm,7.0,0.0,0.0,41.66666666666666,0.14285714285714285,0.0,0.0,41.80952380952381,56.0,"['1', '2', '3', '5', '6', '7', '8', '9', '10', '11', '12', '13', '14', '15', '16', '17', '18', '19', '20', '21', '22']",21.0,1,1.28511622703448,103.816866388884,POINT (11556840.70216388 143070.4805585058),BM21,blk 17 redhill close,26296.1582,29735.998,SURFACE CAR PARK,COUPON PARKING,WHOLE DAY,SUN & PH FR 7AM-10.30PM,YES,0,0.0,N,POINT (11556967.88398458 143079.3925877197),1.2851962650167004,103.81800888261792,blk 17 redhill close
1955.0,9,redhill cl,bm,7.0,0.0,0.0,41.66666666666666,0.14285714285714285,0.0,0.0,41.80952380952381,56.0,"['1', '2', '3', '5', '6', '7', '8', '9', '10', '11', '12', '13', '14', '15', '16', '17', '18', '19', '20', '21', '22']",21.0,1,1.28494012008953,103.816410013462,POINT (11556789.8986843 143050.8714914578),BM21,blk 17 redhill close,26296.1582,29735.998,SURFACE CAR PARK,COUPON PARKING,WHOLE DAY,SUN & PH FR 7AM-10.30PM,YES,0,0.0,N,POINT (11556967.88398458 143079.3925877197),1.2851962650167004,103.81800888261792,blk 17 redhill close
1955.0,10,redhill cl,bm,7.0,0.0,0.0,41.66666666666666,0.14285714285714285,0.0,0.0,41.80952380952381,56.0,"['1', '2', '3', '5', '6', '7', '8', '9', '10', '11', '12', '13', '14', '15', '16', '17', '18', '19', '20', '21', '22']",21.0,1,1.28493547732816,103.81608821904499,POINT (11556754.07669365 143050.3545316317),BM21,blk 17 redhill close,26296.1582,29735.998,SURFACE CAR PARK,COUPON PARKING,WHOLE DAY,SUN & PH FR 7AM-10.30PM,YES,0,0.0,N,POINT (11556967.88398458 143079.3925877197),1.2851962650167004,103.81800888261792,blk 17 redhill close
1955.0,11,redhill cl,bm,7.0,0.0,0.0,41.66666666666666,0.14285714285714285,0.0,0.0,41.80952380952381,56.0,"['1', '2', '3', '5', '6', '7', '8', '9', '10', '11', '12', '13', '14', '15', '16', '17', '18', '19', '20', '21', '22']",21.0,1,1.28552558686147,103.816252276581,POINT (11556772.33949503 143116.0617547283),BM21,blk 17 redhill close,26296.1582,29735.998,SURFACE CAR PARK,COUPON PARKING,WHOLE DAY,SUN & PH FR 7AM-10.30PM,YES,0,0.0,N,POINT (11556967.88398458 143079.3925877197),1.2851962650167004,103.81800888261792,blk 17 redhill close
1955.0,12,redhill cl,bm,7.0,0.0,0.0,41.66666666666666,0.14285714285714285,0.0,0.0,41.80952380952381,56.0,"['1', '2', '3', '5', '6', '7', '8', '9', '10', '11', '12', '13', '14', '15', '16', '17', '18', '19', '20', '21', '22']",21.0,1,1.2860761059513302,103.816516925807,POINT (11556801.8001121 143177.3606944945),BM21,blk 17 redhill close,26296.1582,29735.998,SURFACE CAR PARK,COUPON PARKING,WHOLE DAY,SUN & PH FR 7AM-10.30PM,YES,0,0.0,N,POINT (11556967.88398458 143079.3925877197),1.2851962650167004,103.81800888261792,blk 17 redhill close
1955.0,13,redhill cl,bm,7.0,0.0,0.0,41.66666666666666,0.14285714285714285,0.0,0.0,41.80952380952381,56.0,"['1', '2', '3', '5', '6', '7', '8', '9', '10', '11', '12', '13', '14', '15', '16', '17', '18', '19', '20', '21', '22']",21.0,1,1.28542199032976,103.81694518286,POINT (11556849.47346917 143104.5265384943),BM21,blk 17 redhill close,26296.1582,29735.998,SURFACE CAR PARK,COUPON PARKING,WHOLE DAY,SUN & PH FR 7AM-10.30PM,YES,0,0.0,N,POINT (11556967.88398458 143079.3925877197),1.2851962650167004,103.81800888261792,blk 17 redhill close
1955.0,14,redhill cl,bm,7.0,0.0,0.0,41.66666666666666,0.14285714285714285,0.0,0.0,41.80952380952381,56.0,"['1', '2', '3', '5', '6', '7', '8', '9', '10', '11', '12', '13', '14', '15', '16', '17', '18', '19', '20', '21', '22']",21.0,1,1.28562794664946,103.817181930817,POINT (11556875.82813119 143127.4592630856),BM21,blk 17 redhill close,26296.1582,29735.998,SURFACE CAR PARK,COUPON PARKING,WHOLE DAY,SUN & PH FR 7AM-10.30PM,YES,0,0.0,N,POINT (11556967.88398458 143079.3925877197),1.2851962650167004,103.81800888261792,blk 17 redhill close
1955.0,15,redhill cl,bm,7.0,0.0,0.0,41.66666666666666,0.14285714285714285,0.0,0.0,41.80952380952381,56.0,"['1', '2', '3', '5', '6', '7', '8', '9', '10', '11', '12', '13', '14', '15', '16', '17', '18', '19', '20', '21', '22']",21.0,1,1.2858840831378502,103.81715939268899,POINT (11556873.31919826 143155.979427395),BM21,blk 17 redhill close,26296.1582,29735.998,SURFACE CAR PARK,COUPON PARKING,WHOLE DAY,SUN & PH FR 7AM-10.30PM,YES,0,0.0,N,POINT (11556967.88398458 143079.3925877197),1.2851962650167004,103.81800888261792,blk 17 redhill close
1955.0,16,redhill cl,bm,7.0,0.0,0.0,41.66666666666666,0.14285714285714285,0.0,0.0,41.80952380952381,56.0,"['1', '2', '3', '5', '6', '7', '8', '9', '10', '11', '12', '13', '14', '15', '16', '17', '18', '19', '20', '21', '22']",21.0,1,1.28612953160745,103.817162101325,POINT (11556873.62072224 143183.3095099378),BM21,blk 17 redhill close,26296.1582,29735.998,SURFACE CAR PARK,COUPON PARKING,WHOLE DAY,SUN & PH FR 7AM-10.30PM,YES,0,0.0,N,POINT (11556967.88398458 143079.3925877197),1.2851962650167004,103.81800888261792,blk 17 redhill close
1955.0,17,redhill cl,bm,7.0,0.0,0.0,41.66666666666666,0.14285714285714285,0.0,0.0,41.80952380952381,56.0,"['1', '2', '3', '5', '6', '7', '8', '9', '10', '11', '12', '13', '14', '15', '16', '17', '18', '19', '20', '21', '22']",21.0,1,1.28522666343858,103.817674794972,POINT (11556930.69351796 143082.7773760686),BM21,blk 17 redhill close,26296.1582,29735.998,SURFACE CAR PARK,COUPON PARKING,WHOLE DAY,SUN & PH FR 7AM-10.30PM,YES,0,0.0,N,POINT (11556967.88398458 143079.3925877197),1.2851962650167004,103.81800888261792,blk 17 redhill close
1955.0,18,redhill cl,bm,7.0,0.0,0.0,41.66666666666666,0.14285714285714285,0.0,0.0,41.80952380952381,56.0,"['1', '2', '3', '5', '6', '7', '8', '9', '10', '11', '12', '13', '14', '15', '16', '17', '18', '19', '20', '21', '22']",21.0,1,1.28583132009242,103.81783105297701,POINT (11556948.0880795 143150.1043925862),BM21,blk 17 redhill close,26296.1582,29735.998,SURFACE CAR PARK,COUPON PARKING,WHOLE DAY,SUN & PH FR 7AM-10.30PM,YES,0,0.0,N,POINT (11556967.88398458 143079.3925877197),1.2851962650167004,103.81800888261792,blk 17 redhill close
1955.0,19,redhill cl,bm,7.0,0.0,0.0,41.66666666666666,0.14285714285714285,0.0,0.0,41.80952380952381,56.0,"['1', '2', '3', '5', '6', '7', '8', '9', '10', '11', '12', '13', '14', '15', '16', '17', '18', '19', '20', '21', '22']",21.0,1,1.28607626461327,103.81783270181299,POINT (11556948.27162709 143177.3783611103),BM21,blk 17 redhill close,26296.1582,29735.998,SURFACE CAR PARK,COUPON PARKING,WHOLE DAY,SUN & PH FR 7AM-10.30PM,YES,0,0.0,N,POINT (11556967.88398458 143079.3925877197),1.2851962650167004,103.81800888261792,blk 17 redhill close
1955.0,20,redhill cl,bm,7.0,0.0,0.0,41.66666666666666,0.14285714285714285,0.0,0.0,41.80952380952381,56.0,"['1', '2', '3', '5', '6', '7', '8', '9', '10', '11', '12', '13', '14', '15', '16', '17', '18', '19', '20', '21', '22']",21.0,1,1.28675845516815,103.817346147649,POINT (11556894.10866531 143253.3386113618),BM21,blk 17 redhill close,26296.1582,29735.998,SURFACE CAR PARK,COUPON PARKING,WHOLE DAY,SUN & PH FR 7AM-10.30PM,YES,0,0.0,N,POINT (11556967.88398458 143079.3925877197),1.2851962650167004,103.81800888261792,blk 17 redhill close
1955.0,21,redhill cl,bm,7.0,0.0,0.0,41.66666666666666,0.14285714285714285,0.0,0.0,41.80952380952381,56.0,"['1', '2', '3', '5', '6', '7', '8', '9', '10', '11', '12', '13', '14', '15', '16', '17', '18', '19', '20', '21', '22']",21.0,1,1.28645980826753,103.817684150569,POINT (11556931.73497825 143220.0850067054),BM21,blk 17 redhill close,26296.1582,29735.998,SURFACE CAR PARK,COUPON PARKING,WHOLE DAY,SUN & PH FR 7AM-10.30PM,YES,0,0.0,N,POINT (11556967.88398458 143079.3925877197),1.2851962650167004,103.81800888261792,blk 17 redhill close
1955.0,22,redhill cl,bm,7.0,0.0,0.0,41.66666666666666,0.14285714285714285,0.0,0.0,41.80952380952381,56.0,"['1', '2', '3', '5', '6', '7', '8', '9', '10', '11', '12', '13', '14', '15', '16', '17', '18', '19', '20', '21', '22']",21.0,1,1.28663767799181,103.81798622088199,POINT (11556965.36129167 143239.8903666118),BM21,blk 17 redhill close,26296.1582,29735.998,SURFACE CAR PARK,COUPON PARKING,WHOLE DAY,SUN & PH FR 7AM-10.30PM,YES,0,0.0,N,POINT (11556967.88398458 143079.3925877197),1.2851962650167004,103.81800888261792,blk 17 redhill close
1955.0,1,redhill cl,bm,7.0,0.0,0.0,40.0,1.0,0.0,0.0,41.0,56.0,"['1', '2', '3', '5', '6', '7', '8', '9', '10', '11', '12', '13', '14', '15', '16', '17', '18', '19', '20', '21', '22']",21.0,1,1.28425715212547,103.817826259481,POINT (11556947.55446997 142974.8247327643),BM21,blk 17 redhill close,26296.1582,29735.998,SURFACE CAR PARK,COUPON PARKING,WHOLE DAY,SUN & PH FR 7AM-10.30PM,YES,0,0.0,N,POINT (11556967.88398458 143079.3925877197),1.2851962650167004,103.81800888261792,blk 17 redhill close
1983.0,1a,woodlands centre rd,wl,4.0,0.0,0.0,71.5,0.0,2.0,0.0,73.5,29.0,"['1a', '2a']",2.0,1,1.44186651173176,103.77098143160299,POINT (11551732.81208429 160524.7899825995),W11,blk 22  /  27 marsiling dr,21255.3672,47104.1328,SURFACE CAR PARK,ELECTRONIC PARKING,WHOLE DAY,NO,YES,0,4.5,N,POINT (11551925.39687526 160569.3544546795),1.4422667144042791,103.77271145021517,blk 22 / 27 marsiling dr
1983.0,2a,woodlands centre rd,wl,4.0,0.0,0.0,71.5,0.0,2.0,0.0,73.5,29.0,"['1a', '2a']",2.0,1,1.44108871290856,103.769098080791,POINT (11551523.15843092 160438.1784046373),W11,blk 22  /  27 marsiling dr,21255.3672,47104.1328,SURFACE CAR PARK,ELECTRONIC PARKING,WHOLE DAY,NO,YES,0,4.5,N,POINT (11551925.39687526 160569.3544546795),1.4422667144042791,103.77271145021517,blk 22 / 27 marsiling dr
1962.0,55,tanglin halt rd,qt,9.5,0.0,27.0,81.90322580645163,3.3548387096774195,0.0,0.0,112.25806451612905,52.0,"['24', '25', '26', '27', '28', '29', '30', '31', '32', '33', '34', '35', '36', '37', '38', '40', '41', '42', '43', '44', '45', '55', '56', '58', '59', '60', '62', '63', '64', '65', '66']",31.0,1,1.30112698633027,103.799293576334,POINT (11554884.50561901 144853.2441603207),Q51,blk 39 tanglin halt rd,24187.6,31144.34,SURFACE CAR PARK,COUPON PARKING,7AM-7PM,NO,NO,0,0.0,N,POINT (11554858.77998526 144497.5583130692),1.2979326278162269,103.79906247903409,blk 39 tanglin halt rd
1962.0,56,tanglin halt rd,qt,9.5,0.0,27.0,81.90322580645163,3.3548387096774195,0.0,0.0,112.25806451612905,52.0,"['24', '25', '26', '27', '28', '29', '30', '31', '32', '33', '34', '35', '36', '37', '38', '40', '41', '42', '43', '44', '45', '55', '56', '58', '59', '60', '62', '63', '64', '65', '66']",31.0,1,1.29777231701972,103.798017132713,POINT (11554742.4125651 144479.7080174984),Q51,blk 39 tanglin halt rd,24187.6,31144.34,SURFACE CAR PARK,COUPON PARKING,7AM-7PM,NO,NO,0,0.0,N,POINT (11554858.77998526 144497.5583130692),1.2979326278162269,103.79906247903409,blk 39 tanglin halt rd
1962.0,58,tanglin halt rd,qt,9.5,0.0,27.0,81.90322580645163,3.3548387096774195,0.0,0.0,112.25806451612905,52.0,"['24', '25', '26', '27', '28', '29', '30', '31', '32', '33', '34', '35', '36', '37', '38', '40', '41', '42', '43', '44', '45', '55', '56', '58', '59', '60', '62', '63', '64', '65', '66']",31.0,1,1.30186472740701,103.798174301286,POINT (11554759.90849061 144935.3903136603),Q51,blk 39 tanglin halt rd,24187.6,31144.34,SURFACE CAR PARK,COUPON PARKING,7AM-7PM,NO,NO,0,0.0,N,POINT (11554858.77998526 144497.5583130692),1.2979326278162269,103.79906247903409,blk 39 tanglin halt rd
1962.0,60,tanglin halt rd,qt,9.5,0.0,27.0,81.90322580645163,3.3548387096774195,0.0,0.0,112.25806451612905,52.0,"['24', '25', '26', '27', '28', '29', '30', '31', '32', '33', '34', '35', '36', '37', '38', '40', '41', '42', '43', '44', '45', '55', '56', '58', '59', '60', '62', '63', '64', '65', '66']",31.0,1,1.30186472740701,103.798174301286,POINT (11554759.90849061 144935.3903136603),Q51,blk 39 tanglin halt rd,24187.6,31144.34,SURFACE CAR PARK,COUPON PARKING,7AM-7PM,NO,NO,0,0.0,N,POINT (11554858.77998526 144497.5583130692),1.2979326278162269,103.79906247903409,blk 39 tanglin halt rd
1962.0,62,tanglin halt rd,qt,9.5,0.0,27.0,81.90322580645163,3.3548387096774195,0.0,0.0,112.25806451612905,52.0,"['24', '25', '26', '27', '28', '29', '30', '31', '32', '33', '34', '35', '36', '37', '38', '40', '41', '42', '43', '44', '45', '55', '56', '58', '59', '60', '62', '63', '64', '65', '66']",31.0,1,1.29895181002757,103.79854165188,POINT (11554800.80177168 144611.0422976237),Q51,blk 39 tanglin halt rd,24187.6,31144.34,SURFACE CAR PARK,COUPON PARKING,7AM-7PM,NO,NO,0,0.0,N,POINT (11554858.77998526 144497.5583130692),1.2979326278162269,103.79906247903409,blk 39 tanglin halt rd
1962.0,63,tanglin halt rd,qt,9.5,0.0,27.0,81.90322580645163,3.3548387096774195,0.0,0.0,112.25806451612905,52.0,"['24', '25', '26', '27', '28', '29', '30', '31', '32', '33', '34', '35', '36', '37', '38', '40', '41', '42', '43', '44', '45', '55', '56', '58', '59', '60', '62', '63', '64', '65', '66']",31.0,1,1.29895181002757,103.79854165188,POINT (11554800.80177168 144611.0422976237),Q51,blk 39 tanglin halt rd,24187.6,31144.34,SURFACE CAR PARK,COUPON PARKING,7AM-7PM,NO,NO,0,0.0,N,POINT (11554858.77998526 144497.5583130692),1.2979326278162269,103.79906247903409,blk 39 tanglin halt rd
1962.0,65,tanglin halt rd,qt,9.5,0.0,27.0,81.90322580645163,3.3548387096774195,0.0,0.0,112.25806451612905,52.0,"['24', '25', '26', '27', '28', '29', '30', '31', '32', '33', '34', '35', '36', '37', '38', '40', '41', '42', '43', '44', '45', '55', '56', '58', '59', '60', '62', '63', '64', '65', '66']",31.0,1,1.29777231701972,103.798017132713,POINT (11554742.4125651 144479.7080174984),Q51,blk 39 tanglin halt rd,24187.6,31144.34,SURFACE CAR PARK,COUPON PARKING,7AM-7PM,NO,NO,0,0.0,N,POINT (11554858.77998526 144497.5583130692),1.2979326278162269,103.79906247903409,blk 39 tanglin halt rd
1962.0,24,tanglin halt rd,qt,10.0,0.0,26.0,81.0,3.0,0.0,0.0,111.0,52.0,"['24', '25', '26', '27', '28', '29', '30', '31', '32', '33', '34', '35', '36', '37', '38', '40', '41', '42', '43', '44', '45', '55', '56', '58', '59', '60', '62', '63', '64', '65', '66']",31.0,1,1.29767708730611,103.79963679980601,POINT (11554922.71308115 144469.1043745384),Q51,blk 39 tanglin halt rd,24187.6,31144.34,SURFACE CAR PARK,COUPON PARKING,7AM-7PM,NO,NO,0,0.0,N,POINT (11554858.77998526 144497.5583130692),1.2979326278162269,103.79906247903409,blk 39 tanglin halt rd
1962.0,25,tanglin halt rd,qt,10.0,0.0,27.0,79.0,4.0,0.0,0.0,110.0,52.0,"['24', '25', '26', '27', '28', '29', '30', '31', '32', '33', '34', '35', '36', '37', '38', '40', '41', '42', '43', '44', '45', '55', '56', '58', '59', '60', '62', '63', '64', '65', '66']",31.0,1,1.2978966512203,103.799696530747,POINT (11554929.36229908 144493.552388948),Q51,blk 39 tanglin halt rd,24187.6,31144.34,SURFACE CAR PARK,COUPON PARKING,7AM-7PM,NO,NO,0,0.0,N,POINT (11554858.77998526 144497.5583130692),1.2979326278162269,103.79906247903409,blk 39 tanglin halt rd
1962.0,26,tanglin halt rd,qt,10.0,0.0,24.0,81.0,3.0,0.0,0.0,111.0,52.0,"['24', '25', '26', '27', '28', '29', '30', '31', '32', '33', '34', '35', '36', '37', '38', '40', '41', '42', '43', '44', '45', '55', '56', '58', '59', '60', '62', '63', '64', '65', '66']",31.0,1,1.29810641144419,103.79978100359301,POINT (11554938.76577329 144516.9087835095),Q51,blk 39 tanglin halt rd,24187.6,31144.34,SURFACE CAR PARK,COUPON PARKING,7AM-7PM,NO,NO,0,0.0,N,POINT (11554858.77998526 144497.5583130692),1.2979326278162269,103.79906247903409,blk 39 tanglin halt rd
1962.0,27,tanglin halt rd,qt,10.0,0.0,25.0,79.0,5.0,0.0,0.0,109.0,52.0,"['24', '25', '26', '27', '28', '29', '30', '31', '32', '33', '34', '35', '36', '37', '38', '40', '41', '42', '43', '44', '45', '55', '56', '58', '59', '60', '62', '63', '64', '65', '66']",31.0,1,1.29832473669254,103.799839181345,POINT (11554945.24209101 144541.2188790086),Q51,blk 39 tanglin halt rd,24187.6,31144.34,SURFACE CAR PARK,COUPON PARKING,7AM-7PM,NO,NO,0,0.0,N,POINT (11554858.77998526 144497.5583130692),1.2979326278162269,103.79906247903409,blk 39 tanglin halt rd
1962.0,28,tanglin halt rd,qt,10.0,0.0,23.0,74.0,7.0,0.0,0.0,107.0,52.0,"['24', '25', '26', '27', '28', '29', '30', '31', '32', '33', '34', '35', '36', '37', '38', '40', '41', '42', '43', '44', '45', '55', '56', '58', '59', '60', '62', '63', '64', '65', '66']",31.0,1,1.29854325684418,103.799897877481,POINT (11554951.77611498 144565.5506787177),Q51,blk 39 tanglin halt rd,24187.6,31144.34,SURFACE CAR PARK,COUPON PARKING,7AM-7PM,NO,NO,0,0.0,N,POINT (11554858.77998526 144497.5583130692),1.2979326278162269,103.79906247903409,blk 39 tanglin halt rd
1962.0,29,tanglin halt rd,qt,9.0,0.0,26.0,77.0,2.0,0.0,0.0,106.0,52.0,"['24', '25', '26', '27', '28', '29', '30', '31', '32', '33', '34', '35', '36', '37', '38', '40', '41', '42', '43', '44', '45', '55', '56', '58', '59', '60', '62', '63', '64', '65', '66']",31.0,1,1.2988470849408,103.799641187531,POINT (11554923.20152046 144599.3813579539),Q51,blk 39 tanglin halt rd,24187.6,31144.34,SURFACE CAR PARK,COUPON PARKING,7AM-7PM,NO,NO,0,0.0,N,POINT (11554858.77998526 144497.5583130692),1.2979326278162269,103.79906247903409,blk 39 tanglin halt rd
1962.0,30,tanglin halt rd,qt,9.0,0.0,27.0,78.0,1.0,0.0,0.0,107.0,52.0,"['24', '25', '26', '27', '28', '29', '30', '31', '32', '33', '34', '35', '36', '37', '38', '40', '41', '42', '43', '44', '45', '55', '56', '58', '59', '60', '62', '63', '64', '65', '66']",31.0,1,1.29910609683303,103.799561949337,POINT (11554914.38076505 144628.2218414949),Q51,blk 39 tanglin halt rd,24187.6,31144.34,SURFACE CAR PARK,COUPON PARKING,7AM-7PM,NO,NO,0,0.0,N,POINT (11554858.77998526 144497.5583130692),1.2979326278162269,103.79906247903409,blk 39 tanglin halt rd
1962.0,31,tanglin halt rd,qt,9.0,0.0,25.0,71.0,5.0,0.0,0.0,103.0,52.0,"['24', '25', '26', '27', '28', '29', '30', '31', '32', '33', '34', '35', '36', '37', '38', '40', '41', '42', '43', '44', '45', '55', '56', '58', '59', '60', '62', '63', '64', '65', '66']",31.0,1,1.29936191629583,103.79947141266399,POINT (11554904.30226871 144656.7068569699),Q51,blk 39 tanglin halt rd,24187.6,31144.34,SURFACE CAR PARK,COUPON PARKING,7AM-7PM,NO,NO,0,0.0,N,POINT (11554858.77998526 144497.5583130692),1.2979326278162269,103.79906247903409,blk 39 tanglin halt rd
1962.0,32,tanglin halt rd,qt,9.0,0.0,27.0,74.0,3.0,0.0,0.0,105.0,52.0,"['24', '25', '26', '27', '28', '29', '30', '31', '32', '33', '34', '35', '36', '37', '38', '40', '41', '42', '43', '44', '45', '55', '56', '58', '59', '60', '62', '63', '64', '65', '66']",31.0,1,1.29962052462036,103.799386404296,POINT (11554894.83918048 144685.5024098774),Q51,blk 39 tanglin halt rd,24187.6,31144.34,SURFACE CAR PARK,COUPON PARKING,7AM-7PM,NO,NO,0,0.0,N,POINT (11554858.77998526 144497.5583130692),1.2979326278162269,103.79906247903409,blk 39 tanglin halt rd
1962.0,37,tanglin halt rd,qt,10.0,0.0,27.0,88.0,2.0,0.0,0.0,118.0,52.0,"['24', '25', '26', '27', '28', '29', '30', '31', '32', '33', '34', '35', '36', '37', '38', '40', '41', '42', '43', '44', '45', '55', '56', '58', '59', '60', '62', '63', '64', '65', '66']",31.0,1,1.29777231701972,103.798017132713,POINT (11554742.4125651 144479.7080174984),Q51,blk 39 tanglin halt rd,24187.6,31144.34,SURFACE CAR PARK,COUPON PARKING,7AM-7PM,NO,NO,0,0.0,N,POINT (11554858.77998526 144497.5583130692),1.2979326278162269,103.79906247903409,blk 39 tanglin halt rd
1962.0,38,tanglin halt rd,qt,10.0,0.0,25.0,84.0,4.0,0.0,0.0,116.0,52.0,"['24', '25', '26', '27', '28', '29', '30', '31', '32', '33', '34', '35', '36', '37', '38', '40', '41', '42', '43', '44', '45', '55', '56', '58', '59', '60', '62', '63', '64', '65', '66']",31.0,1,1.2975081033726998,103.79872284301399,POINT (11554820.97187645 144450.2883439678),Q51,blk 39 tanglin halt rd,24187.6,31144.34,SURFACE CAR PARK,COUPON PARKING,7AM-7PM,NO,NO,0,0.0,N,POINT (11554858.77998526 144497.5583130692),1.2979326278162269,103.79906247903409,blk 39 tanglin halt rd
1962.0,40,tanglin halt rd,qt,10.0,0.0,28.0,84.0,4.0,0.0,0.0,116.0,52.0,"['24', '25', '26', '27', '28', '29', '30', '31', '32', '33', '34', '35', '36', '37', '38', '40', '41', '42', '43', '44', '45', '55', '56', '58', '59', '60', '62', '63', '64', '65', '66']",31.0,1,1.29798643686941,103.79858075740101,POINT (11554805.15497836 144503.5498467969),Q51,blk 39 tanglin halt rd,24187.6,31144.34,SURFACE CAR PARK,COUPON PARKING,7AM-7PM,NO,NO,0,0.0,N,POINT (11554858.77998526 144497.5583130692),1.2979326278162269,103.79906247903409,blk 39 tanglin halt rd
1962.0,41,tanglin halt rd,qt,10.0,0.0,28.0,87.0,2.0,0.0,0.0,118.0,52.0,"['24', '25', '26', '27', '28', '29', '30', '31', '32', '33', '34', '35', '36', '37', '38', '40', '41', '42', '43', '44', '45', '55', '56', '58', '59', '60', '62', '63', '64', '65', '66']",31.0,1,1.29822839879022,103.798585389303,POINT (11554805.67059934 144530.4918390551),Q51,blk 39 tanglin halt rd,24187.6,31144.34,SURFACE CAR PARK,COUPON PARKING,7AM-7PM,NO,NO,0,0.0,N,POINT (11554858.77998526 144497.5583130692),1.2979326278162269,103.79906247903409,blk 39 tanglin halt rd
1962.0,42,tanglin halt rd,qt,10.0,0.0,29.0,87.0,2.0,0.0,0.0,118.0,52.0,"['24', '25', '26', '27', '28', '29', '30', '31', '32', '33', '34', '35', '36', '37', '38', '40', '41', '42', '43', '44', '45', '55', '56', '58', '59', '60', '62', '63', '64', '65', '66']",31.0,1,1.29847005618342,103.798580178027,POINT (11554805.09048275 144557.3999253261),Q51,blk 39 tanglin halt rd,24187.6,31144.34,SURFACE CAR PARK,COUPON PARKING,7AM-7PM,NO,NO,0,0.0,N,POINT (11554858.77998526 144497.5583130692),1.2979326278162269,103.79906247903409,blk 39 tanglin halt rd
1962.0,43,tanglin halt rd,qt,10.0,0.0,28.0,79.0,6.0,0.0,0.0,114.0,52.0,"['24', '25', '26', '27', '28', '29', '30', '31', '32', '33', '34', '35', '36', '37', '38', '40', '41', '42', '43', '44', '45', '55', '56', '58', '59', '60', '62', '63', '64', '65', '66']",31.0,1,1.29871092283084,103.798579967767,POINT (11554805.06707671 144584.2199661347),Q51,blk 39 tanglin halt rd,24187.6,31144.34,SURFACE CAR PARK,COUPON PARKING,7AM-7PM,NO,NO,0,0.0,N,POINT (11554858.77998526 144497.5583130692),1.2979326278162269,103.79906247903409,blk 39 tanglin halt rd
1962.0,44,tanglin halt rd,qt,10.0,0.0,27.0,83.0,4.0,0.0,0.0,116.0,52.0,"['24', '25', '26', '27', '28', '29', '30', '31', '32', '33', '34', '35', '36', '37', '38', '40', '41', '42', '43', '44', '45', '55', '56', '58', '59', '60', '62', '63', '64', '65', '66']",31.0,1,1.29895181002757,103.79854165188,POINT (11554800.80177168 144611.0422976237),Q51,blk 39 tanglin halt rd,24187.6,31144.34,SURFACE CAR PARK,COUPON PARKING,7AM-7PM,NO,NO,0,0.0,N,POINT (11554858.77998526 144497.5583130692),1.2979326278162269,103.79906247903409,blk 39 tanglin halt rd
1962.0,45,tanglin halt rd,qt,10.0,0.0,28.0,87.0,2.0,0.0,0.0,118.0,52.0,"['24', '25', '26', '27', '28', '29', '30', '31', '32', '33', '34', '35', '36', '37', '38', '40', '41', '42', '43', '44', '45', '55', '56', '58', '59', '60', '62', '63', '64', '65', '66']",31.0,1,1.29919438508048,103.79852452225599,POINT (11554798.89491066 144638.0525712762),Q51,blk 39 tanglin halt rd,24187.6,31144.34,SURFACE CAR PARK,COUPON PARKING,7AM-7PM,NO,NO,0,0.0,N,POINT (11554858.77998526 144497.5583130692),1.2979326278162269,103.79906247903409,blk 39 tanglin halt rd
1962.0,59,tanglin halt rd,qt,9.5,0.0,27.0,81.90322580645163,3.3548387096774195,0.0,0.0,112.25806451612905,52.0,"['24', '25', '26', '27', '28', '29', '30', '31', '32', '33', '34', '35', '36', '37', '38', '40', '41', '42', '43', '44', '45', '55', '56', '58', '59', '60', '62', '63', '64', '65', '66']",31.0,1,1.29704452141989,103.79875160318501,POINT (11554824.17344404 144398.6694064215),Q52,blk 33-34 tanglin halt rd,24170.85,31017.51,SURFACE CAR PARK,COUPON PARKING,7AM-7PM,NO,NO,0,0.0,N,POINT (11554842.02744397 144369.8412544262),1.2967856200643242,103.79891198839513,blk 33-34 tanglin halt rd 33 34
1962.0,64,tanglin halt rd,qt,9.5,0.0,27.0,81.90322580645163,3.3548387096774195,0.0,0.0,112.25806451612905,52.0,"['24', '25', '26', '27', '28', '29', '30', '31', '32', '33', '34', '35', '36', '37', '38', '40', '41', '42', '43', '44', '45', '55', '56', '58', '59', '60', '62', '63', '64', '65', '66']",31.0,1,1.29704452141989,103.79875160318501,POINT (11554824.17344404 144398.6694064215),Q52,blk 33-34 tanglin halt rd,24170.85,31017.51,SURFACE CAR PARK,COUPON PARKING,7AM-7PM,NO,NO,0,0.0,N,POINT (11554842.02744397 144369.8412544262),1.2967856200643242,103.79891198839513,blk 33-34 tanglin halt rd 33 34
1962.0,66,tanglin halt rd,qt,9.5,0.0,27.0,81.90322580645163,3.3548387096774195,0.0,0.0,112.25806451612905,52.0,"['24', '25', '26', '27', '28', '29', '30', '31', '32', '33', '34', '35', '36', '37', '38', '40', '41', '42', '43', '44', '45', '55', '56', '58', '59', '60', '62', '63', '64', '65', '66']",31.0,1,1.2972924543604298,103.79822869754,POINT (11554765.96385391 144426.2762499367),Q52,blk 33-34 tanglin halt rd,24170.85,31017.51,SURFACE CAR PARK,COUPON PARKING,7AM-7PM,NO,NO,0,0.0,N,POINT (11554842.02744397 144369.8412544262),1.2967856200643242,103.79891198839513,blk 33-34 tanglin halt rd 33 34
1962.0,33,tanglin halt rd,qt,10.0,0.0,28.0,83.0,4.0,0.0,0.0,116.0,52.0,"['24', '25', '26', '27', '28', '29', '30', '31', '32', '33', '34', '35', '36', '37', '38', '40', '41', '42', '43', '44', '45', '55', '56', '58', '59', '60', '62', '63', '64', '65', '66']",31.0,1,1.2965674454506,103.79837863999701,POINT (11554782.65537187 144345.5479465815),Q52,blk 33-34 tanglin halt rd,24170.85,31017.51,SURFACE CAR PARK,COUPON PARKING,7AM-7PM,NO,NO,0,0.0,N,POINT (11554842.02744397 144369.8412544262),1.2967856200643242,103.79891198839513,blk 33-34 tanglin halt rd 33 34
1962.0,34,tanglin halt rd,qt,10.0,0.0,27.0,86.0,3.0,0.0,0.0,117.0,52.0,"['24', '25', '26', '27', '28', '29', '30', '31', '32', '33', '34', '35', '36', '37', '38', '40', '41', '42', '43', '44', '45', '55', '56', '58', '59', '60', '62', '63', '64', '65', '66']",31.0,1,1.29680899455535,103.79836146905399,POINT (11554780.74391124 144372.4439574807),Q52,blk 33-34 tanglin halt rd,24170.85,31017.51,SURFACE CAR PARK,COUPON PARKING,7AM-7PM,NO,NO,0,0.0,N,POINT (11554842.02744397 144369.8412544262),1.2967856200643242,103.79891198839513,blk 33-34 tanglin halt rd 33 34
1962.0,35,tanglin halt rd,qt,10.0,0.0,29.0,88.0,1.0,0.0,0.0,119.0,52.0,"['24', '25', '26', '27', '28', '29', '30', '31', '32', '33', '34', '35', '36', '37', '38', '40', '41', '42', '43', '44', '45', '55', '56', '58', '59', '60', '62', '63', '64', '65', '66']",31.0,1,1.29704971782508,103.79822773294,POINT (11554765.85647513 144399.2480158524),Q52,blk 33-34 tanglin halt rd,24170.85,31017.51,SURFACE CAR PARK,COUPON PARKING,7AM-7PM,NO,NO,0,0.0,N,POINT (11554842.02744397 144369.8412544262),1.2967856200643242,103.79891198839513,blk 33-34 tanglin halt rd 33 34
1962.0,36,tanglin halt rd,qt,10.0,0.0,26.0,87.0,3.0,0.0,0.0,117.0,52.0,"['24', '25', '26', '27', '28', '29', '30', '31', '32', '33', '34', '35', '36', '37', '38', '40', '41', '42', '43', '44', '45', '55', '56', '58', '59', '60', '62', '63', '64', '65', '66']",31.0,1,1.2972924543604298,103.79822869754,POINT (11554765.96385391 144426.2762499367),Q52,blk 33-34 tanglin halt rd,24170.85,31017.51,SURFACE CAR PARK,COUPON PARKING,7AM-7PM,NO,NO,0,0.0,N,POINT (11554842.02744397 144369.8412544262),1.2967856200643242,103.79891198839513,blk 33-34 tanglin halt rd 33 34
1979.0,513,west coast rd,cl,14.0,0.0,0.0,178.0,26.0,1.0,1.0,206.0,37.0,"['513', '514', '515', '516', '517', '518', '519', '520']",8.0,1,1.30866602211239,103.760258216299,POINT (11550539.10921698 145692.7034849294),C32,blk 514-519 west coast rd,19738.0729,32326.8057,SURFACE CAR PARK,ELECTRONIC PARKING,WHOLE DAY,SUN & PH FR 7AM-10.30PM,YES,0,4.5,N,POINT (11550408.08584655 145688.1979633592),1.3086255588800983,103.75908121333663,blk 514-519 west coast rd 514 515 516 517 518 519
1979.0,514,west coast rd,cl,12.0,0.0,0.0,110.0,22.0,0.0,0.0,132.0,37.0,"['513', '514', '515', '516', '517', '518', '519', '520']",8.0,1,1.30897250380717,103.75923292909,POINT (11550424.97476696 145726.829774497),C32,blk 514-519 west coast rd,19738.0729,32326.8057,SURFACE CAR PARK,ELECTRONIC PARKING,WHOLE DAY,SUN & PH FR 7AM-10.30PM,YES,0,4.5,N,POINT (11550408.08584655 145688.1979633592),1.3086255588800983,103.75908121333663,blk 514-519 west coast rd 514 515 516 517 518 519
1979.0,515,west coast rd,cl,14.0,0.0,0.0,124.0,26.0,2.0,1.0,153.0,37.0,"['513', '514', '515', '516', '517', '518', '519', '520']",8.0,1,1.30838274486861,103.759784091667,POINT (11550486.32990438 145661.1609808352),C32,blk 514-519 west coast rd,19738.0729,32326.8057,SURFACE CAR PARK,ELECTRONIC PARKING,WHOLE DAY,SUN & PH FR 7AM-10.30PM,YES,0,4.5,N,POINT (11550408.08584655 145688.1979633592),1.3086255588800983,103.75908121333663,blk 514-519 west coast rd 514 515 516 517 518 519
1979.0,516,west coast rd,cl,2.0,0.0,0.0,3.0,0.0,0.0,0.0,3.0,37.0,"['513', '514', '515', '516', '517', '518', '519', '520']",8.0,1,1.3081676215758402,103.76044555885599,POINT (11550559.96409503 145637.2073212363),C32,blk 514-519 west coast rd,19738.0729,32326.8057,SURFACE CAR PARK,ELECTRONIC PARKING,WHOLE DAY,SUN & PH FR 7AM-10.30PM,YES,0,4.5,N,POINT (11550408.08584655 145688.1979633592),1.3086255588800983,103.75908121333663,blk 514-519 west coast rd 514 515 516 517 518 519
1979.0,517,west coast rd,cl,2.0,0.0,0.0,0.0,0.0,0.0,0.0,0.0,37.0,"['513', '514', '515', '516', '517', '518', '519', '520']",8.0,1,1.3074768436116,103.760157277816,POINT (11550527.87279646 145560.2902333091),C32,blk 514-519 west coast rd,19738.0729,32326.8057,SURFACE CAR PARK,ELECTRONIC PARKING,WHOLE DAY,SUN & PH FR 7AM-10.30PM,YES,0,4.5,N,POINT (11550408.08584655 145688.1979633592),1.3086255588800983,103.75908121333663,blk 514-519 west coast rd 514 515 516 517 518 519
1979.0,518,west coast rd,cl,12.0,0.0,0.0,146.0,22.0,1.0,3.0,172.0,37.0,"['513', '514', '515', '516', '517', '518', '519', '520']",8.0,1,1.30821759885498,103.758943172303,POINT (11550392.71918898 145642.7722169649),C32,blk 514-519 west coast rd,19738.0729,32326.8057,SURFACE CAR PARK,ELECTRONIC PARKING,WHOLE DAY,SUN & PH FR 7AM-10.30PM,YES,0,4.5,N,POINT (11550408.08584655 145688.1979633592),1.3086255588800983,103.75908121333663,blk 514-519 west coast rd 514 515 516 517 518 519
1979.0,519,west coast rd,cl,12.0,0.0,0.0,150.0,22.0,0.0,2.0,174.0,37.0,"['513', '514', '515', '516', '517', '518', '519', '520']",8.0,1,1.30766409641888,103.759364910368,POINT (11550439.66685562 145581.1405498267),C32,blk 514-519 west coast rd,19738.0729,32326.8057,SURFACE CAR PARK,ELECTRONIC PARKING,WHOLE DAY,SUN & PH FR 7AM-10.30PM,YES,0,4.5,N,POINT (11550408.08584655 145688.1979633592),1.3086255588800983,103.75908121333663,blk 514-519 west coast rd 514 515 516 517 518 519
1979.0,520,west coast rd,cl,12.0,0.0,0.0,132.0,22.0,0.0,0.0,154.0,37.0,"['513', '514', '515', '516', '517', '518', '519', '520']",8.0,1,1.30714774352278,103.759628391282,POINT (11550468.9974168 145523.6454405729),C34,blk 702  /  703 west coast rd,19944.5184,32148.1942,SURFACE CAR PARK,ELECTRONIC PARKING,NO,SUN & PH FR 7AM-10.30PM,NO,0,4.5,N,POINT (11550614.58982681 145508.3430197929),1.3070103153063926,103.76093627015362,blk 702 / 703 west coast rd
