year_completed,blk_no,street,bldg_contract_town,max_floor_lvl,1room_sold,2room_sold,3room_sold,4room_sold,5room_sold,exec_sold,total_dwelling_units,age_announced,cluster,num_of_blocks,is_demolished,SEARCHVAL,BLK_NO,ROAD_NAME,BUILDING,ADDRESS,POSTAL,X,Y,LATITUDE,LONGITUDE,LONGTITUDE
1966.0,6,chai chee rd,bd,8.5,0.0,24.5,59.5,0.0,0.0,0.0,84.0,30.0,"['6', '7']",2.0,1,MULTI STOREY CAR PARK,21A,CHAI CHEE ROAD,MULTI STOREY CAR PARK,21A CHAI CHEE ROAD MULTI STOREY CAR PARK SINGAPORE 462021,462021,37900.9292850792,34300.400979310296,1.3264735546242,103.92228378555099,103.92228378555099
1966.0,7,chai chee rd,bd,8.5,0.0,24.5,59.5,0.0,0.0,0.0,84.0,30.0,"['6', '7']",2.0,1,25A CHAI CHEE ROAD SINGAPORE 461025,25A,CHAI CHEE ROAD,NIL,25A CHAI CHEE ROAD SINGAPORE 461025,461025,38108.5927455379,33948.3426193967,1.3232895991921398,103.924149636605,103.924149636605
1971.0,79,toa payoh central,tp,10.0,0.0,0.0,374.0,0.0,0.0,0.0,374.0,26.0,['79'],1.0,1,CENTRAL HORIZON,79A,TOA PAYOH CENTRAL,CENTRAL HORIZON,79A TOA PAYOH CENTRAL CENTRAL HORIZON SINGAPORE 311079,311079,29585.5544920852,35191.2113491371,1.33453129537677,103.84756569582198,103.84756569582198
1973.0,89,toa payoh lorong 2,tp,10.0,0.0,0.0,198.0,0.0,0.0,0.0,198.0,24.0,['89'],1.0,1,OCBC TOA PAYOH LORONG 2 - ESSO STATION,399,LORONG 2 TOA PAYOH,OCBC TOA PAYOH LORONG 2 - ESSO STATION,399 LORONG 2 TOA PAYOH OCBC TOA PAYOH LORONG 2 - ESSO STATION SINGAPORE 319640,319640,29468.486587709704,35385.3551001139,1.33628706847823,103.84651378290701,103.84651378290701
1979.0,454,ang mo kio ave 10,amk,12.0,0.0,0.0,121.0,22.0,0.0,0.0,143.0,18.0,"['454', '455']",2.0,1,444A ANG MO KIO AVENUE 10 SINGAPORE 561444,444A,ANG MO KIO AVENUE 10,NIL,444A ANG MO KIO AVENUE 10 SINGAPORE 561444,561444,30376.039753265697,38767.5208488069,1.36687411249442,103.854668941219,103.854668941219
1979.0,455,ang mo kio ave 10,amk,12.0,0.0,0.0,121.0,22.0,0.0,0.0,143.0,18.0,"['454', '455']",2.0,1,456A ANG MO KIO AVENUE 10 SINGAPORE 561456,456A,ANG MO KIO AVENUE 10,NIL,456A ANG MO KIO AVENUE 10 SINGAPORE 561456,561456,30763.3510522069,38866.8321010713,1.36777221427589,103.85814921044,103.85814921044
1974.0,126,kim tian rd,bm,10.0,0.0,0.0,109.5,0.0,0.0,0.0,109.5,23.0,"['126', '127']",2.0,1,KIM TIAN GREEN,126,KIM TIAN ROAD,KIM TIAN GREEN,126 KIM TIAN ROAD KIM TIAN GREEN SINGAPORE 160126,160126,27571.686393452797,29441.687708411402,1.28253466931817,103.82947001504,103.82947001504
1974.0,127,kim tian rd,bm,10.0,0.0,0.0,109.5,0.0,0.0,0.0,109.5,23.0,"['126', '127']",2.0,1,KIM TIAN GREEN,127,KIM TIAN ROAD,KIM TIAN GREEN,127 KIM TIAN ROAD KIM TIAN GREEN SINGAPORE 160127,160127,27551.9428600855,29367.244117014103,1.28186142731103,103.829292612773,103.829292612773
1963.0,51,nile rd,bm,10.0,0.0,29.33333333333333,90.0,0.0,0.0,0.0,119.33333333333331,34.0,"['51', '53', '54']",3.0,1,HAVELOCK VIEW,,NIL,HAVELOCK VIEW,HAVELOCK VIEW,NIL,27455.5281327926,30249.6430747025,1.2898415322444898,103.828426273952,103.828426273952
1963.0,53,nile rd,bm,10.0,0.0,29.33333333333333,90.0,0.0,0.0,0.0,119.33333333333331,34.0,"['51', '53', '54']",3.0,1,HAVELOCK VIEW,51,HAVELOCK ROAD,HAVELOCK VIEW,51 HAVELOCK ROAD HAVELOCK VIEW SINGAPORE 161051,161051,27372.4431228479,30261.215160505802,1.2899461845645601,103.82767972048201,103.82767972048201
1963.0,54,nile rd,bm,10.0,0.0,29.33333333333333,90.0,0.0,0.0,0.0,119.33333333333331,34.0,"['51', '53', '54']",3.0,1,HAVELOCK VIEW,51,HAVELOCK ROAD,HAVELOCK VIEW,51 HAVELOCK ROAD HAVELOCK VIEW SINGAPORE 161051,161051,27372.4431228479,30261.215160505802,1.2899461845645601,103.82767972048201,103.82767972048201
1979.0,580,ang mo kio ave 3,amk,13.0,0.0,0.0,122.0,23.33333333333333,0.0,0.0,145.33333333333334,18.0,"['580', '581', '582']",3.0,1,126A ANG MO KIO AVENUE 3 SINGAPORE 561126,126A,ANG MO KIO AVENUE 3,NIL,126A ANG MO KIO AVENUE 3 SINGAPORE 561126,561126,29094.9653216144,39280.4298120793,1.37151275308972,103.84315761947701,103.84315761947701
1979.0,581,ang mo kio ave 3,amk,13.0,0.0,0.0,122.0,23.33333333333333,0.0,0.0,145.33333333333334,18.0,"['580', '581', '582']",3.0,1,245 ANG MO KIO AVENUE 3 SINGAPORE 560245,245,ANG MO KIO AVENUE 3,NIL,245 ANG MO KIO AVENUE 3 SINGAPORE 560245,560245,28159.0034135086,38857.4022318162,1.3676870625919098,103.83474733510201,103.83474733510201
1979.0,582,ang mo kio ave 3,amk,13.0,0.0,0.0,122.0,23.33333333333333,0.0,0.0,145.33333333333334,18.0,"['580', '581', '582']",3.0,1,203A ANG MO KIO AVENUE 3 SINGAPORE 561203,203A,ANG MO KIO AVENUE 3,NIL,203A ANG MO KIO AVENUE 3 SINGAPORE 561203,561203,29255.118580895498,38846.4430726841,1.3675879256949197,103.84459669185699,103.84459669185699
1975.0,24,dover cres,qt,14.0,0.0,0.0,73.5,65.0,0.0,0.0,138.5,22.0,"['24', '28']",2.0,1,DOVER GARDENS,28,DOVER CRESCENT,DOVER GARDENS,28 DOVER CRESCENT DOVER GARDENS SINGAPORE 130028,130028,22255.013474157997,31899.703266428798,1.30476356767422,103.78169719934799,103.78169719934799
1975.0,28,dover cres,qt,14.0,0.0,0.0,73.5,65.0,0.0,0.0,138.5,22.0,"['24', '28']",2.0,1,DOVER GARDENS,28,DOVER CRESCENT,DOVER GARDENS,28 DOVER CRESCENT DOVER GARDENS SINGAPORE 130028,130028,22255.013474157997,31899.703266428798,1.30476356767422,103.78169719934799,103.78169719934799
1971.0,3,syed alwi rd,kwn,17.0,0.0,0.0,44.0,14.333333333333336,0.0,0.0,58.33333333333334,26.0,"['3', '4', '5']",3.0,1,62 SYED ALWI ROAD SINGAPORE 207641,62,SYED ALWI ROAD,NIL,62 SYED ALWI ROAD SINGAPORE 207641,207641,30703.5637633502,32211.2552852575,1.3075815494476102,103.85761138850401,103.85761138850401
1971.0,4,syed alwi rd,kwn,17.0,0.0,0.0,44.0,14.333333333333336,0.0,0.0,58.33333333333334,26.0,"['3', '4', '5']",3.0,1,69 SYED ALWI ROAD SINGAPORE 207648,69,SYED ALWI ROAD,NIL,69 SYED ALWI ROAD SINGAPORE 207648,207648,30671.5721693002,32240.672466220298,1.30784759081937,103.857323931322,103.857323931322
1971.0,5,syed alwi rd,kwn,17.0,0.0,0.0,44.0,14.333333333333336,0.0,0.0,58.33333333333334,26.0,"['3', '4', '5']",3.0,1,66 SYED ALWI ROAD SINGAPORE 207645,66,SYED ALWI ROAD,NIL,66 SYED ALWI ROAD SINGAPORE 207645,207645,30683.542581768703,32229.1085830424,1.30774301010899,103.85743149019301,103.85743149019301
1974.0,20,upper boon keng rd,kwn,16.0,0.0,0.0,277.0,0.0,4.0,0.0,281.0,31.0,['20'],1.0,1,KALLANG HEIGHTS,3C,UPPER BOON KENG ROAD,KALLANG HEIGHTS,3C UPPER BOON KENG ROAD KALLANG HEIGHTS SINGAPORE 383003,383003,32426.6093560904,32898.1284255646,1.31379318761444,103.87309387056,103.87309387056
1977.0,54,sims dr,gl,12.5,0.0,0.0,64.5,106.0,2.1666666666666665,0.0,172.66666666666663,28.0,"['54', '56', '57', '59', '60', '62']",6.0,1,HDB-GEYLANG,43A,SIMS DRIVE,HDB-GEYLANG,43A SIMS DRIVE HDB-GEYLANG SINGAPORE 381043,381043,32821.2121517733,33232.696582427205,1.3168188437136499,103.87663962486602,103.87663962486602
1977.0,56,sims dr,gl,12.5,0.0,0.0,64.5,106.0,2.1666666666666665,0.0,172.66666666666663,28.0,"['54', '56', '57', '59', '60', '62']",6.0,1,150 SIMS DRIVE SINGAPORE 387381,150,SIMS DRIVE,NIL,150 SIMS DRIVE SINGAPORE 387381,387381,32737.5036819,33473.4235170446,1.3189959054998,103.87588749873699,103.87588749873699
1977.0,57,sims dr,gl,12.5,0.0,0.0,64.5,106.0,2.1666666666666665,0.0,172.66666666666663,28.0,"['54', '56', '57', '59', '60', '62']",6.0,1,SIMS VISTA,51,SIMS DRIVE,SIMS VISTA,51 SIMS DRIVE SIMS VISTA SINGAPORE 380051,380051,33072.6580690714,33174.4808678217,1.3162923209894801,103.878898984422,103.878898984422
1977.0,59,sims dr,gl,12.5,0.0,0.0,64.5,106.0,2.1666666666666665,0.0,172.66666666666663,28.0,"['54', '56', '57', '59', '60', '62']",6.0,1,SIMS VISTA,50A,SIMS DRIVE,SIMS VISTA,50A SIMS DRIVE SIMS VISTA SINGAPORE 381050,381050,33021.595405449196,33158.8265390545,1.31615075720637,103.878440158046,103.878440158046
1977.0,60,sims dr,gl,12.5,0.0,0.0,64.5,106.0,2.1666666666666665,0.0,172.66666666666663,28.0,"['54', '56', '57', '59', '60', '62']",6.0,1,PAN-I COMPLEX,601,SIMS DRIVE,PAN-I COMPLEX,601 SIMS DRIVE PAN-I COMPLEX SINGAPORE 387382,387382,32908.557138281896,33319.3306648023,1.31760231767541,103.877424477655,103.877424477655
1977.0,62,sims dr,gl,12.5,0.0,0.0,64.5,106.0,2.1666666666666665,0.0,172.66666666666663,28.0,"['54', '56', '57', '59', '60', '62']",6.0,1,PENROSE,26,SIMS DRIVE,PENROSE,26 SIMS DRIVE PENROSE SINGAPORE 387398,387398,33224.518627245896,33474.6800318528,1.31900718980146,103.88026357905599,103.88026357905599
1973.0,5,yung ping rd,jw,11.0,0.0,0.0,101.66666666666669,0.0,1.5,0.0,103.16666666666669,33.0,"['5', '6', '7', '8', '9', '10']",6.0,1,HDB-TAMAN JURONG,160,YUNG PING ROAD,HDB-TAMAN JURONG,160 YUNG PING ROAD HDB-TAMAN JURONG SINGAPORE 610160,610160,15555.9640245866,34594.2932338417,1.32913047297776,103.721502089885,103.721502089885
1973.0,6,yung ping rd,jw,11.0,0.0,0.0,101.66666666666669,0.0,1.5,0.0,103.16666666666669,33.0,"['5', '6', '7', '8', '9', '10']",6.0,1,NIL,,YUNG PING ROAD,NIL,NIL,NIL,15682.806701891599,34654.5639478024,1.32967559060418,103.722641815208,103.722641815208
1973.0,7,yung ping rd,jw,11.0,0.0,0.0,101.66666666666669,0.0,1.5,0.0,103.16666666666669,33.0,"['5', '6', '7', '8', '9', '10']",6.0,1,HDB-TAMAN JURONG,160,YUNG PING ROAD,HDB-TAMAN JURONG,160 YUNG PING ROAD HDB-TAMAN JURONG SINGAPORE 610160,610160,15555.9640245866,34594.2932338417,1.32913047297776,103.721502089885,103.721502089885
1973.0,8,yung ping rd,jw,11.0,0.0,0.0,101.66666666666669,0.0,1.5,0.0,103.16666666666669,33.0,"['5', '6', '7', '8', '9', '10']",6.0,1,HDB-TAMAN JURONG,160,YUNG PING ROAD,HDB-TAMAN JURONG,160 YUNG PING ROAD HDB-TAMAN JURONG SINGAPORE 610160,610160,15555.9640245866,34594.2932338417,1.32913047297776,103.721502089885,103.721502089885
1973.0,9,yung ping rd,jw,11.0,0.0,0.0,101.66666666666669,0.0,1.5,0.0,103.16666666666669,33.0,"['5', '6', '7', '8', '9', '10']",6.0,1,PCF SPARKLETOTS PRESCHOOL @ TAMAN JURONG 161 (CC),161,YUNG PING ROAD,PCF SPARKLETOTS PRESCHOOL @ TAMAN JURONG 161 (CC),161 YUNG PING ROAD PCF SPARKLETOTS PRESCHOOL @ TAMAN JURONG 161 (CC) SINGAPORE 610161,610161,15555.057286598701,34644.0056124441,1.3295800528928101,103.721493922129,103.721493922129
1973.0,10,yung ping rd,jw,11.0,0.0,0.0,101.66666666666669,0.0,1.5,0.0,103.16666666666669,33.0,"['5', '6', '7', '8', '9', '10']",6.0,1,HDB-TAMAN JURONG,163,YUNG PING ROAD,HDB-TAMAN JURONG,163 YUNG PING ROAD HDB-TAMAN JURONG SINGAPORE 610163,610163,15674.3168956749,34694.3944804817,1.33003579972897,103.722565513663,103.722565513663
1976.0,180,boon lay dr,jw,9.5,0.0,0.0,0.0,144.5,0.0,0.0,144.5,30.0,"['180', '181', '182', '184']",4.0,1,BOON LAY MEADOW,180,BOON LAY DRIVE,BOON LAY MEADOW,180 BOON LAY DRIVE BOON LAY MEADOW SINGAPORE 640180,640180,14073.1341099497,36689.8821038567,1.3480815464086202,103.70817710905001,103.70817710905001
1976.0,181,boon lay dr,jw,9.5,0.0,0.0,0.0,144.5,0.0,0.0,144.5,30.0,"['180', '181', '182', '184']",4.0,1,181 BOON LAY DRIVE SINGAPORE 640181,181,BOON LAY DRIVE,NIL,181 BOON LAY DRIVE SINGAPORE 640181,640181,14026.1783879651,36726.1675443444,1.3484096763794198,103.70775516682501,103.70775516682501
1976.0,182,boon lay dr,jw,9.5,0.0,0.0,0.0,144.5,0.0,0.0,144.5,30.0,"['180', '181', '182', '184']",4.0,1,BOON LAY CREST,257A,BOON LAY DRIVE,BOON LAY CREST,257A BOON LAY DRIVE BOON LAY CREST SINGAPORE 641257,641257,14004.9727293774,36458.255238544196,1.345986768687,103.707564745441,103.707564745441
1976.0,184,boon lay dr,jw,9.5,0.0,0.0,0.0,144.5,0.0,0.0,144.5,30.0,"['180', '181', '182', '184']",4.0,1,SUMMERDALE,2,BOON LAY DRIVE,SUMMERDALE,2 BOON LAY DRIVE SUMMERDALE SINGAPORE 649925,649925,14468.954616885601,36074.5606609788,1.34251699185774,103.711734070194,103.711734070194
1975.0,216,boon lay ave,jw,10.5,0.0,0.0,0.0,169.0,0.0,0.0,169.0,31.0,"['216', '217', '219', '220']",4.0,1,BOON LAY VIEW,216,BOON LAY AVENUE,BOON LAY VIEW,216 BOON LAY AVENUE BOON LAY VIEW SINGAPORE 640216,640216,14465.4733447377,36866.592131840094,1.34967982522128,103.71170243402099,103.71170243402099
1975.0,217,boon lay ave,jw,10.5,0.0,0.0,0.0,169.0,0.0,0.0,169.0,31.0,"['216', '217', '219', '220']",4.0,1,BOON LAY VIEW,217,BOON LAY AVENUE,BOON LAY VIEW,217 BOON LAY AVENUE BOON LAY VIEW SINGAPORE 640217,640217,14389.560303268001,36844.7901939712,1.34948262227609,103.71102031899099,103.71102031899099
1975.0,219,boon lay ave,jw,10.5,0.0,0.0,0.0,169.0,0.0,0.0,169.0,31.0,"['216', '217', '219', '220']",4.0,1,BOON LAY VIEW,219,BOON LAY AVENUE,BOON LAY VIEW,219 BOON LAY AVENUE BOON LAY VIEW SINGAPORE 640219,640219,14367.221441636799,36835.188251228996,1.3493957757550001,103.71081959508801,103.71081959508801
1975.0,220,boon lay ave,jw,10.5,0.0,0.0,0.0,169.0,0.0,0.0,169.0,31.0,"['216', '217', '219', '220']",4.0,1,BOON LAY GROVE,183,BOON LAY AVENUE,BOON LAY GROVE,183 BOON LAY AVENUE BOON LAY GROVE SINGAPORE 640183,640183,14204.3906462481,36820.6028968431,1.34926379671314,103.70935646820699,103.70935646820699
1973.0,88,zion rd,bm,14.0,0.0,0.0,103.8,22.0,1.4,0.0,127.2,33.0,"['88', '89', '90', '91', '92']",5.0,1,14 ZION ROAD SINGAPORE 247732,14,ZION ROAD,NIL,14 ZION ROAD SINGAPORE 247732,247732,27705.6997377081,30745.9031335302,1.29432953718611,103.830674164813,103.830674164813
1973.0,89,zion rd,bm,14.0,0.0,0.0,103.8,22.0,1.4,0.0,127.2,33.0,"['88', '89', '90', '91', '92']",5.0,1,16 ZION ROAD SINGAPORE 247733,16,ZION ROAD,NIL,16 ZION ROAD SINGAPORE 247733,247733,27708.660339998998,30738.3955536541,1.29426164130111,103.83070076716801,103.83070076716801
1973.0,90,zion rd,bm,14.0,0.0,0.0,103.8,22.0,1.4,0.0,127.2,33.0,"['88', '89', '90', '91', '92']",5.0,1,14 ZION ROAD SINGAPORE 247732,14,ZION ROAD,NIL,14 ZION ROAD SINGAPORE 247732,247732,27705.6997377081,30745.9031335302,1.29432953718611,103.830674164813,103.830674164813
1973.0,91,zion rd,bm,14.0,0.0,0.0,103.8,22.0,1.4,0.0,127.2,33.0,"['88', '89', '90', '91', '92']",5.0,1,56 ZION ROAD SINGAPORE 247781,56,ZION ROAD,NIL,56 ZION ROAD SINGAPORE 247781,247781,27756.5636920175,30572.720960121602,1.2927633389269197,103.83113120067,103.83113120067
1973.0,92,zion rd,bm,14.0,0.0,0.0,103.8,22.0,1.4,0.0,127.2,33.0,"['88', '89', '90', '91', '92']",5.0,1,54 ZION ROAD SINGAPORE 247779,54,ZION ROAD,NIL,54 ZION ROAD SINGAPORE 247779,247779,27756.0229847562,30589.8740081023,1.29291846505991,103.831126342052,103.831126342052
1976.0,246,ang mo kio ave 2,amk,8.0,0.0,0.0,89.85714285714286,16.857142857142858,25.0,0.14285714285714285,131.85714285714286,30.0,"['246', '247', '248', '249', '250', '251', '252']",7.0,1,HORIZON GARDENS,509,ANG MO KIO AVENUE 2,HORIZON GARDENS,509 ANG MO KIO AVENUE 2 HORIZON GARDENS SINGAPORE 567910,567910,28122.535426810402,39917.866890208796,1.37727752619762,103.8344196492,103.8344196492
1976.0,247,ang mo kio ave 2,amk,8.0,0.0,0.0,89.85714285714286,16.857142857142858,25.0,0.14285714285714285,131.85714285714286,30.0,"['246', '247', '248', '249', '250', '251', '252']",7.0,1,HORIZON GARDENS,509,ANG MO KIO AVENUE 2,HORIZON GARDENS,509 ANG MO KIO AVENUE 2 HORIZON GARDENS SINGAPORE 567910,567910,28122.535426810402,39917.866890208796,1.37727752619762,103.8344196492,103.8344196492
1976.0,248,ang mo kio ave 2,amk,8.0,0.0,0.0,89.85714285714286,16.857142857142858,25.0,0.14285714285714285,131.85714285714286,30.0,"['246', '247', '248', '249', '250', '251', '252']",7.0,1,HORIZON GARDENS,391,ANG MO KIO AVENUE 2,HORIZON GARDENS,391 ANG MO KIO AVENUE 2 HORIZON GARDENS SINGAPORE 567851,567851,28020.7673525764,39936.5293420013,1.3774463029789599,103.833505188627,103.833505188627
1976.0,249,ang mo kio ave 2,amk,8.0,0.0,0.0,89.85714285714286,16.857142857142858,25.0,0.14285714285714285,131.85714285714286,30.0,"['246', '247', '248', '249', '250', '251', '252']",7.0,1,HORIZON GARDENS,451,ANG MO KIO AVENUE 2,HORIZON GARDENS,451 ANG MO KIO AVENUE 2 HORIZON GARDENS SINGAPORE 567881,567881,28135.512249737003,39892.4712649025,1.3770478571896698,103.83453625533001,103.83453625533001
1976.0,250,ang mo kio ave 2,amk,8.0,0.0,0.0,89.85714285714286,16.857142857142858,25.0,0.14285714285714285,131.85714285714286,30.0,"['246', '247', '248', '249', '250', '251', '252']",7.0,1,HORIZON GARDENS,503,ANG MO KIO AVENUE 2,HORIZON GARDENS,503 ANG MO KIO AVENUE 2 HORIZON GARDENS SINGAPORE 567907,567907,28102.382186016097,39920.8636022042,1.3773046274651202,103.834238557601,103.834238557601
1976.0,251,ang mo kio ave 2,amk,8.0,0.0,0.0,89.85714285714286,16.857142857142858,25.0,0.14285714285714285,131.85714285714286,30.0,"['246', '247', '248', '249', '250', '251', '252']",7.0,1,HORIZON GARDENS,615,ANG MO KIO AVENUE 2,HORIZON GARDENS,615 ANG MO KIO AVENUE 2 HORIZON GARDENS SINGAPORE 567963,567963,28299.6561005283,39998.838347386605,1.3780098018256,103.836011208824,103.836011208824
1976.0,252,ang mo kio ave 2,amk,8.0,0.0,0.0,89.85714285714286,16.857142857142858,25.0,0.14285714285714285,131.85714285714286,30.0,"['246', '247', '248', '249', '250', '251', '252']",7.0,1,THE PANORAMA,10,ANG MO KIO AVENUE 2,THE PANORAMA,10 ANG MO KIO AVENUE 2 THE PANORAMA SINGAPORE 567696,567696,28101.0551468059,39763.8324854448,1.3758844942106798,103.834226632654,103.834226632654
1976.0,9,ghim moh rd,qt,14.67,0.0,0.0,79.0,87.83333333333331,0.8333333333333334,0.0,167.66666666666666,30.0,"['9', '10', '11', '12', '9a', '12a']",6.0,1,HDB-GHIM MOH,7,GHIM MOH ROAD,HDB-GHIM MOH,7 GHIM MOH ROAD HDB-GHIM MOH SINGAPORE 270007,270007,22870.8440547902,32621.1557923239,1.31128823600905,103.787230603612,103.787230603612
1976.0,10,ghim moh rd,qt,14.67,0.0,0.0,79.0,87.83333333333331,0.8333333333333334,0.0,167.66666666666666,30.0,"['9', '10', '11', '12', '9a', '12a']",6.0,1,MULTI STOREY CAR PARK,13A,GHIM MOH ROAD,MULTI STOREY CAR PARK,13A GHIM MOH ROAD MULTI STOREY CAR PARK SINGAPORE 272013,272013,23037.103879787002,32422.775340862598,1.30949418096489,103.788724560909,103.788724560909
1976.0,11,ghim moh rd,qt,14.67,0.0,0.0,79.0,87.83333333333331,0.8333333333333334,0.0,167.66666666666666,30.0,"['9', '10', '11', '12', '9a', '12a']",6.0,1,11359 (BUS STOP),,GHIM MOH RD,11359 (BUS STOP),GHIM MOH RD,NIL,23144.1119776294,32402.4326830264,1.3093102262281497,103.789686083335,103.789686083335
1976.0,12,ghim moh rd,qt,14.67,0.0,0.0,79.0,87.83333333333331,0.8333333333333334,0.0,167.66666666666666,30.0,"['9', '10', '11', '12', '9a', '12a']",6.0,1,12129 (BUS STOP),,GHIM MOH RD,12129 (BUS STOP),GHIM MOH RD,NIL,22881.4742009398,32680.0781735461,1.3118211108320499,103.787326110924,103.787326110924
1976.0,9a,ghim moh rd,qt,14.67,0.0,0.0,79.0,87.83333333333331,0.8333333333333334,0.0,167.66666666666666,30.0,"['9', '10', '11', '12', '9a', '12a']",6.0,1,MULTI STOREY CAR PARK,16A,GHIM MOH ROAD,MULTI STOREY CAR PARK,16A GHIM MOH ROAD MULTI STOREY CAR PARK SINGAPORE 272016,272016,22917.1983519383,32438.668514289,1.3096378936473798,103.78764714946199,103.78764714946199
1976.0,12a,ghim moh rd,qt,14.67,0.0,0.0,79.0,87.83333333333331,0.8333333333333334,0.0,167.66666666666666,30.0,"['9', '10', '11', '12', '9a', '12a']",6.0,1,GHIM MOH GREEN,4A,GHIM MOH ROAD,GHIM MOH GREEN,4A GHIM MOH ROAD GHIM MOH GREEN SINGAPORE 272004,272004,22909.8707454922,32818.8552141506,1.31307616572182,103.787581244962,103.787581244962
1975.0,94,henderson rd,bm,14.0,0.0,0.0,179.0,84.0,2.5,0.0,265.5,32.0,"['94', '96']",2.0,1,CITY VUE @HENDERSON,96,HENDERSON ROAD,CITY VUE @HENDERSON,96 HENDERSON ROAD CITY VUE @HENDERSON SINGAPORE 150096,150096,26666.5784269609,29995.476489419103,1.28754291526066,103.821337244768,103.821337244768
1975.0,96,henderson rd,bm,14.0,0.0,0.0,179.0,84.0,2.5,0.0,265.5,32.0,"['94', '96']",2.0,1,CITY VUE @HENDERSON,96,HENDERSON ROAD,CITY VUE @HENDERSON,96 HENDERSON ROAD CITY VUE @HENDERSON SINGAPORE 150096,150096,26666.5784269609,29995.476489419103,1.28754291526066,103.821337244768,103.821337244768
1950.0,17,silat walk,bm,3.5,0.0,0.0,11.076923076923077,4.9230769230769225,0.0,0.0,16.0,57.0,"['17', '18', '19', '22', '23', '24', '25', '26', '27', '28', '29', '30', '31']",13.0,1,HDB-BUKIT MERAH,149,SILAT AVENUE,HDB-BUKIT MERAH,149 SILAT AVENUE HDB-BUKIT MERAH SINGAPORE 160149,160149,27808.7595889503,28869.5728134457,1.27736066510424,103.831600213349,103.831600213349
1950.0,18,silat walk,bm,3.5,0.0,0.0,11.076923076923077,4.9230769230769225,0.0,0.0,16.0,57.0,"['17', '18', '19', '22', '23', '24', '25', '26', '27', '28', '29', '30', '31']",13.0,1,AVENUE SOUTH RESIDENCE,3,SILAT AVENUE,AVENUE SOUTH RESIDENCE,3 SILAT AVENUE AVENUE SOUTH RESIDENCE SINGAPORE 168873,168873,27607.8958915696,28750.1756969187,1.27628087754899,103.829795380026,103.829795380026
1950.0,19,silat walk,bm,3.5,0.0,0.0,11.076923076923077,4.9230769230769225,0.0,0.0,16.0,57.0,"['17', '18', '19', '22', '23', '24', '25', '26', '27', '28', '29', '30', '31']",13.0,1,HDB-BUKIT MERAH,150,SILAT AVENUE,HDB-BUKIT MERAH,150 SILAT AVENUE HDB-BUKIT MERAH SINGAPORE 160150,160150,27789.3550872691,28838.2141532023,1.27707706824335,103.83142585691601,103.83142585691601
1950.0,22,silat walk,bm,3.5,0.0,0.0,11.076923076923077,4.9230769230769225,0.0,0.0,16.0,57.0,"['17', '18', '19', '22', '23', '24', '25', '26', '27', '28', '29', '30', '31']",13.0,1,AVENUE SOUTH RESIDENCE,5,SILAT AVENUE,AVENUE SOUTH RESIDENCE,5 SILAT AVENUE AVENUE SOUTH RESIDENCE SINGAPORE 168874,168874,27559.8661404513,28724.4691891521,1.27604839626379,103.82936381544,103.82936381544
1950.0,23,silat walk,bm,3.5,0.0,0.0,11.076923076923077,4.9230769230769225,0.0,0.0,16.0,57.0,"['17', '18', '19', '22', '23', '24', '25', '26', '27', '28', '29', '30', '31']",13.0,1,HDB-BUKIT MERAH,147,SILAT AVENUE,HDB-BUKIT MERAH,147 SILAT AVENUE HDB-BUKIT MERAH SINGAPORE 160147,160147,27752.350388684303,28860.3177417964,1.27727696508459,103.831093355841,103.831093355841
1950.0,24,silat walk,bm,3.5,0.0,0.0,11.076923076923077,4.9230769230769225,0.0,0.0,16.0,57.0,"['17', '18', '19', '22', '23', '24', '25', '26', '27', '28', '29', '30', '31']",13.0,1,AVENUE SOUTH RESIDENCE,5,SILAT AVENUE,AVENUE SOUTH RESIDENCE,5 SILAT AVENUE AVENUE SOUTH RESIDENCE SINGAPORE 168874,168874,27559.8661404513,28724.4691891521,1.27604839626379,103.82936381544,103.82936381544
1950.0,25,silat walk,bm,3.5,0.0,0.0,11.076923076923077,4.9230769230769225,0.0,0.0,16.0,57.0,"['17', '18', '19', '22', '23', '24', '25', '26', '27', '28', '29', '30', '31']",13.0,1,HDB-BUKIT MERAH,148,SILAT AVENUE,HDB-BUKIT MERAH,148 SILAT AVENUE HDB-BUKIT MERAH SINGAPORE 160148,160148,27729.0401366521,28816.7717989814,1.27688315064167,103.830883904963,103.830883904963
1950.0,26,silat walk,bm,3.5,0.0,0.0,11.076923076923077,4.9230769230769225,0.0,0.0,16.0,57.0,"['17', '18', '19', '22', '23', '24', '25', '26', '27', '28', '29', '30', '31']",13.0,1,HDB-BUKIT MERAH,148,SILAT AVENUE,HDB-BUKIT MERAH,148 SILAT AVENUE HDB-BUKIT MERAH SINGAPORE 160148,160148,27729.0401366521,28816.7717989814,1.27688315064167,103.830883904963,103.830883904963
1950.0,27,silat walk,bm,3.5,0.0,0.0,11.076923076923077,4.9230769230769225,0.0,0.0,16.0,57.0,"['17', '18', '19', '22', '23', '24', '25', '26', '27', '28', '29', '30', '31']",13.0,1,AVENUE SOUTH RESIDENCE,1,SILAT AVENUE,AVENUE SOUTH RESIDENCE,1 SILAT AVENUE AVENUE SOUTH RESIDENCE SINGAPORE 168872,168872,27660.865377631002,28762.2550135925,1.2763901192721498,103.83027133017099,103.83027133017099
1950.0,28,silat walk,bm,3.5,0.0,0.0,11.076923076923077,4.9230769230769225,0.0,0.0,16.0,57.0,"['17', '18', '19', '22', '23', '24', '25', '26', '27', '28', '29', '30', '31']",13.0,1,AVENUE SOUTH RESIDENCE,5,SILAT AVENUE,AVENUE SOUTH RESIDENCE,5 SILAT AVENUE AVENUE SOUTH RESIDENCE SINGAPORE 168874,168874,27559.8661404513,28724.4691891521,1.27604839626379,103.82936381544,103.82936381544
1950.0,29,silat walk,bm,3.5,0.0,0.0,11.076923076923077,4.9230769230769225,0.0,0.0,16.0,57.0,"['17', '18', '19', '22', '23', '24', '25', '26', '27', '28', '29', '30', '31']",13.0,1,AVENUE SOUTH RESIDENCE,1,SILAT AVENUE,AVENUE SOUTH RESIDENCE,1 SILAT AVENUE AVENUE SOUTH RESIDENCE SINGAPORE 168872,168872,27660.865377631002,28762.2550135925,1.2763901192721498,103.83027133017099,103.83027133017099
1950.0,30,silat walk,bm,3.5,0.0,0.0,11.076923076923077,4.9230769230769225,0.0,0.0,16.0,57.0,"['17', '18', '19', '22', '23', '24', '25', '26', '27', '28', '29', '30', '31']",13.0,1,AVENUE SOUTH RESIDENCE,3,SILAT AVENUE,AVENUE SOUTH RESIDENCE,3 SILAT AVENUE AVENUE SOUTH RESIDENCE SINGAPORE 168873,168873,27607.8958915696,28750.1756969187,1.27628087754899,103.829795380026,103.829795380026
1950.0,31,silat walk,bm,3.5,0.0,0.0,11.076923076923077,4.9230769230769225,0.0,0.0,16.0,57.0,"['17', '18', '19', '22', '23', '24', '25', '26', '27', '28', '29', '30', '31']",13.0,1,HDB-BUKIT MERAH,150,SILAT AVENUE,HDB-BUKIT MERAH,150 SILAT AVENUE HDB-BUKIT MERAH SINGAPORE 160150,160150,27789.3550872691,28838.2141532023,1.27707706824335,103.83142585691601,103.83142585691601
1977.0,401,clementi ave 1,cl,13.0,0.0,0.0,113.85714285714286,51.42857142857143,1.1428571428571428,1.2857142857142858,167.71428571428572,30.0,"['401', '402', '403', '404', '407', '408', '409']",7.0,1,CLEMENTI PEAKS,463,CLEMENTI AVENUE 1,CLEMENTI PEAKS,463 CLEMENTI AVENUE 1 CLEMENTI PEAKS SINGAPORE 120463,120463,20715.4563335488,32585.551048521,1.3109658051563702,103.76786340603701,103.76786340603701
1977.0,402,clementi ave 1,cl,13.0,0.0,0.0,113.85714285714286,51.42857142857143,1.1428571428571428,1.2857142857142858,167.71428571428572,30.0,"['401', '402', '403', '404', '407', '408', '409']",7.0,1,CASA CLEMENTI,420A,CLEMENTI AVENUE 1,CASA CLEMENTI,420A CLEMENTI AVENUE 1 CASA CLEMENTI SINGAPORE 121420,121420,20803.8461405877,32455.6470976099,1.3097910211685502,103.768657661297,103.768657661297
1977.0,403,clementi ave 1,cl,13.0,0.0,0.0,113.85714285714286,51.42857142857143,1.1428571428571428,1.2857142857142858,167.71428571428572,30.0,"['401', '402', '403', '404', '407', '408', '409']",7.0,1,CLEMENTI PEAKS,465A,CLEMENTI AVENUE 1,CLEMENTI PEAKS,465A CLEMENTI AVENUE 1 CLEMENTI PEAKS SINGAPORE 121465,121465,20693.1179864742,32396.341281570498,1.3092546546008201,103.76766272974899,103.76766272974899
1977.0,404,clementi ave 1,cl,13.0,0.0,0.0,113.85714285714286,51.42857142857143,1.1428571428571428,1.2857142857142858,167.71428571428572,30.0,"['401', '402', '403', '404', '407', '408', '409']",7.0,1,CASA CLEMENTI,416A,CLEMENTI AVENUE 1,CASA CLEMENTI,416A CLEMENTI AVENUE 1 CASA CLEMENTI SINGAPORE 121416,121416,20961.3791307863,32459.440584009502,1.30982536445829,103.77007316985001,103.77007316985001
1977.0,407,clementi ave 1,cl,13.0,0.0,0.0,113.85714285714286,51.42857142857143,1.1428571428571428,1.2857142857142858,167.71428571428572,30.0,"['401', '402', '403', '404', '407', '408', '409']",7.0,1,CLEMENTI PEAKS,463,CLEMENTI AVENUE 1,CLEMENTI PEAKS,463 CLEMENTI AVENUE 1 CLEMENTI PEAKS SINGAPORE 120463,120463,20715.4563335488,32585.551048521,1.3109658051563702,103.76786340603701,103.76786340603701
1977.0,408,clementi ave 1,cl,13.0,0.0,0.0,113.85714285714286,51.42857142857143,1.1428571428571428,1.2857142857142858,167.71428571428572,30.0,"['401', '402', '403', '404', '407', '408', '409']",7.0,1,CASA CLEMENTI,418,CLEMENTI AVENUE 1,CASA CLEMENTI,418 CLEMENTI AVENUE 1 CASA CLEMENTI SINGAPORE 120418,120418,20953.598109944698,32498.1812119968,1.31017571904179,103.77000324485,103.77000324485
1977.0,409,clementi ave 1,cl,13.0,0.0,0.0,113.85714285714286,51.42857142857143,1.1428571428571428,1.2857142857142858,167.71428571428572,30.0,"['401', '402', '403', '404', '407', '408', '409']",7.0,1,CASA CLEMENTI,423,CLEMENTI AVENUE 1,CASA CLEMENTI,423 CLEMENTI AVENUE 1 CASA CLEMENTI SINGAPORE 120423,120423,20944.2007182362,32418.612070506402,1.30945612208307,103.769918822857,103.769918822857
1976.0,2,teban gardens rd,je,14.67,0.0,0.0,67.2,12.0,12.5,0.0,91.7,31.0,"['2', '3', '4', '5', '6', '7', '8', '9', '10', '11']",10.0,1,TEBAN VIEW,57A,TEBAN GARDENS ROAD,TEBAN VIEW,57A TEBAN GARDENS ROAD TEBAN VIEW SINGAPORE 601057,601057,17305.9885911299,33864.9157931115,1.32253491698752,103.73722725885,103.73722725885
1976.0,3,teban gardens rd,je,14.67,0.0,0.0,67.2,12.0,12.5,0.0,91.7,31.0,"['2', '3', '4', '5', '6', '7', '8', '9', '10', '11']",10.0,1,HDB-JURONG EAST,52,TEBAN GARDENS ROAD,HDB-JURONG EAST,52 TEBAN GARDENS ROAD HDB-JURONG EAST SINGAPORE 600052,600052,17334.4159484897,33696.2773888838,1.32100982297017,103.73748275185,103.73748275185
1976.0,4,teban gardens rd,je,14.67,0.0,0.0,67.2,12.0,12.5,0.0,91.7,31.0,"['2', '3', '4', '5', '6', '7', '8', '9', '10', '11']",10.0,1,TEBAN PLACE,63A,TEBAN GARDENS ROAD,TEBAN PLACE,63A TEBAN GARDENS ROAD TEBAN PLACE SINGAPORE 601063,601063,17495.7429093756,33714.3252189979,1.32117309678604,103.73893235112,103.73893235112
1976.0,5,teban gardens rd,je,14.67,0.0,0.0,67.2,12.0,12.5,0.0,91.7,31.0,"['2', '3', '4', '5', '6', '7', '8', '9', '10', '11']",10.0,1,HDB-JURONG EAST,34,TEBAN GARDENS ROAD,HDB-JURONG EAST,34 TEBAN GARDENS ROAD HDB-JURONG EAST SINGAPORE 600034,600034,17809.7619807525,33571.288958528996,1.31987963533783,103.741754021124,103.741754021124
1976.0,6,teban gardens rd,je,14.67,0.0,0.0,67.2,12.0,12.5,0.0,91.7,31.0,"['2', '3', '4', '5', '6', '7', '8', '9', '10', '11']",10.0,1,TEBAN VISTA,22A,TEBAN GARDENS ROAD,TEBAN VISTA,22A TEBAN GARDENS ROAD TEBAN VISTA SINGAPORE 601022,601022,17546.4702037387,33949.2118856218,1.3232973432575,103.739388082047,103.739388082047
1976.0,7,teban gardens rd,je,14.67,0.0,0.0,67.2,12.0,12.5,0.0,91.7,31.0,"['2', '3', '4', '5', '6', '7', '8', '9', '10', '11']",10.0,1,TEBAN VIEW,57A,TEBAN GARDENS ROAD,TEBAN VIEW,57A TEBAN GARDENS ROAD TEBAN VIEW SINGAPORE 601057,601057,17305.9885911299,33864.9157931115,1.32253491698752,103.73722725885,103.73722725885
1976.0,8,teban gardens rd,je,14.67,0.0,0.0,67.2,12.0,12.5,0.0,91.7,31.0,"['2', '3', '4', '5', '6', '7', '8', '9', '10', '11']",10.0,1,TEBAN PLACE,64,TEBAN GARDENS ROAD,TEBAN PLACE,64 TEBAN GARDENS ROAD TEBAN PLACE SINGAPORE 600064,600064,17590.0071872296,33737.079448171,1.32137890995421,103.739779356356,103.739779356356
1976.0,9,teban gardens rd,je,14.67,0.0,0.0,67.2,12.0,12.5,0.0,91.7,31.0,"['2', '3', '4', '5', '6', '7', '8', '9', '10', '11']",10.0,1,HDB-JURONG EAST,45,TEBAN GARDENS ROAD,HDB-JURONG EAST,45 TEBAN GARDENS ROAD HDB-JURONG EAST SINGAPORE 600045,600045,17740.3081270074,33590.2918040659,1.32005146692876,103.741129936544,103.741129936544
1976.0,10,teban gardens rd,je,14.67,0.0,0.0,67.2,12.0,12.5,0.0,91.7,31.0,"['2', '3', '4', '5', '6', '7', '8', '9', '10', '11']",10.0,1,41A TEBAN GARDENS ROAD SINGAPORE 601041,41A,TEBAN GARDENS ROAD,NIL,41A TEBAN GARDENS ROAD SINGAPORE 601041,601041,17789.1693093702,33760.0258790385,1.3215864962658601,103.741568922878,103.741568922878
1976.0,11,teban gardens rd,je,14.67,0.0,0.0,67.2,12.0,12.5,0.0,91.7,31.0,"['2', '3', '4', '5', '6', '7', '8', '9', '10', '11']",10.0,1,TEBAN PLACE,63A,TEBAN GARDENS ROAD,TEBAN PLACE,63A TEBAN GARDENS ROAD TEBAN PLACE SINGAPORE 601063,601063,17495.7429093756,33714.3252189979,1.32117309678604,103.73893235112,103.73893235112
1964.0,74,commonwealth dr,qt,10.0,0.0,0.0,94.14285714285714,1.4285714285714286,0.0,0.0,95.57142857142857,44.0,"['74', '75', '76', '77', '78', '79', '80']",7.0,1,46-1 COMMONWEALTH DRIVE SINGAPORE 140461,46-1,COMMONWEALTH DRIVE,NIL,46-1 COMMONWEALTH DRIVE SINGAPORE 140461,140461,24112.2312575327,31316.0661370307,1.29948564895569,103.79838523629999,103.79838523629999
1964.0,75,commonwealth dr,qt,10.0,0.0,0.0,94.14285714285714,1.4285714285714286,0.0,0.0,95.57142857142857,44.0,"['74', '75', '76', '77', '78', '79', '80']",7.0,1,COMMONWEALTH 10,54,COMMONWEALTH DRIVE,COMMONWEALTH 10,54 COMMONWEALTH DRIVE COMMONWEALTH 10 SINGAPORE 142054,142054,23935.4148375867,31555.3901203331,1.30164998775002,103.796796430683,103.796796430683
1964.0,76,commonwealth dr,qt,10.0,0.0,0.0,94.14285714285714,1.4285714285714286,0.0,0.0,95.57142857142857,44.0,"['74', '75', '76', '77', '78', '79', '80']",7.0,1,COMMONWEALTH 10,54,COMMONWEALTH DRIVE,COMMONWEALTH 10,54 COMMONWEALTH DRIVE COMMONWEALTH 10 SINGAPORE 142054,142054,23935.4148375867,31555.3901203331,1.30164998775002,103.796796430683,103.796796430683
1964.0,77,commonwealth dr,qt,10.0,0.0,0.0,94.14285714285714,1.4285714285714286,0.0,0.0,95.57142857142857,44.0,"['74', '75', '76', '77', '78', '79', '80']",7.0,1,HDB-QUEENSTOWN,37A,COMMONWEALTH DRIVE,HDB-QUEENSTOWN,37A COMMONWEALTH DRIVE HDB-QUEENSTOWN SINGAPORE 141037,141037,24041.5145024341,31125.3658232223,1.29776101382771,103.797749838791,103.797749838791
1964.0,78,commonwealth dr,qt,10.0,0.0,0.0,94.14285714285714,1.4285714285714286,0.0,0.0,95.57142857142857,44.0,"['74', '75', '76', '77', '78', '79', '80']",7.0,1,COMMONWEALTH 10,54,COMMONWEALTH DRIVE,COMMONWEALTH 10,54 COMMONWEALTH DRIVE COMMONWEALTH 10 SINGAPORE 142054,142054,23935.4148375867,31555.3901203331,1.30164998775002,103.796796430683,103.796796430683
1964.0,79,commonwealth dr,qt,10.0,0.0,0.0,94.14285714285714,1.4285714285714286,0.0,0.0,95.57142857142857,44.0,"['74', '75', '76', '77', '78', '79', '80']",7.0,1,COMMONWEALTH 10,54,COMMONWEALTH DRIVE,COMMONWEALTH 10,54 COMMONWEALTH DRIVE COMMONWEALTH 10 SINGAPORE 142054,142054,23935.4148375867,31555.3901203331,1.30164998775002,103.796796430683,103.796796430683
1964.0,80,commonwealth dr,qt,10.0,0.0,0.0,94.14285714285714,1.4285714285714286,0.0,0.0,95.57142857142857,44.0,"['74', '75', '76', '77', '78', '79', '80']",7.0,1,46-2 COMMONWEALTH DRIVE SINGAPORE 140462,46-2,COMMONWEALTH DRIVE,NIL,46-2 COMMONWEALTH DRIVE SINGAPORE 140462,140462,24094.6869958621,31368.7381796148,1.29996199408101,103.798227586695,103.798227586695
1973.0,110,bukit merah view,bm,15.0,0.0,0.0,25.5,48.0,0.5,0.0,74.0,36.0,"['110', '111', '113', '114']",4.0,1,BUKIT MERAH VIEW,120,BUKIT MERAH VIEW,BUKIT MERAH VIEW,120 BUKIT MERAH VIEW BUKIT MERAH VIEW SINGAPORE 152120,152120,26808.496285432,29468.201644912402,1.2827744323948302,103.82261245424601,103.82261245424601
1973.0,111,bukit merah view,bm,15.0,0.0,0.0,25.5,48.0,0.5,0.0,74.0,36.0,"['110', '111', '113', '114']",4.0,1,BUKIT MERAH VIEW,130,BUKIT MERAH VIEW,BUKIT MERAH VIEW,130 BUKIT MERAH VIEW BUKIT MERAH VIEW SINGAPORE 150130,150130,27003.0199904079,29668.639411225897,1.2845871279845802,103.824360319186,103.824360319186
1973.0,113,bukit merah view,bm,15.0,0.0,0.0,25.5,48.0,0.5,0.0,74.0,36.0,"['110', '111', '113', '114']",4.0,1,BUKIT MERAH VIEW,120,BUKIT MERAH VIEW,BUKIT MERAH VIEW,120 BUKIT MERAH VIEW BUKIT MERAH VIEW SINGAPORE 152120,152120,26808.496285432,29468.201644912402,1.2827744323948302,103.82261245424601,103.82261245424601
1973.0,114,bukit merah view,bm,15.0,0.0,0.0,25.5,48.0,0.5,0.0,74.0,36.0,"['110', '111', '113', '114']",4.0,1,BUKIT MERAH VIEW,128,BUKIT MERAH VIEW,BUKIT MERAH VIEW,128 BUKIT MERAH VIEW BUKIT MERAH VIEW SINGAPORE 150128,150128,26888.031708389502,29454.083083370697,1.28264675199073,103.82332711149598,103.82332711149598
1977.0,321,clementi ave 5,cl,10.0,0.0,0.0,97.0,27.0,0.6666666666666666,0.0,124.66666666666669,34.0,"['321', '322', '323']",3.0,1,HDB-CLEMENTI,321,CLEMENTI AVENUE 5,HDB-CLEMENTI,321 CLEMENTI AVENUE 5 HDB-CLEMENTI SINGAPORE 120321,120321,20544.9421921019,33203.0598677788,1.31655029232795,103.766331105347,103.766331105347
1977.0,322,clementi ave 5,cl,10.0,0.0,0.0,97.0,27.0,0.6666666666666666,0.0,124.66666666666669,34.0,"['321', '322', '323']",3.0,1,HDB-CLEMENTI,322,CLEMENTI AVENUE 5,HDB-CLEMENTI,322 CLEMENTI AVENUE 5 HDB-CLEMENTI SINGAPORE 120322,120322,20544.631945268302,33159.1277054921,1.3161529855652299,103.76632832822901,103.76632832822901
1977.0,323,clementi ave 5,cl,10.0,0.0,0.0,97.0,27.0,0.6666666666666666,0.0,124.66666666666669,34.0,"['321', '322', '323']",3.0,1,HDB-CLEMENTI,323,CLEMENTI AVENUE 5,HDB-CLEMENTI,323 CLEMENTI AVENUE 5 HDB-CLEMENTI SINGAPORE 120323,120323,20629.4138086475,33123.341565662995,1.31582936905014,103.767090144326,103.767090144326
1963.0,1,east coast rd,bd,5.0,0.0,0.0,26.66666666666667,0.6666666666666666,0.0,0.0,27.33333333333333,48.0,"['1', '2', '3']",3.0,1,HDB-BEDOK,1,EAST COAST ROAD,HDB-BEDOK,1 EAST COAST ROAD HDB-BEDOK SINGAPORE 450001,450001,37993.2848336119,32673.7734433413,1.31176289799416,103.923113122199,103.923113122199
1963.0,2,east coast rd,bd,5.0,0.0,0.0,26.66666666666667,0.6666666666666666,0.0,0.0,27.33333333333333,48.0,"['1', '2', '3']",3.0,1,HDB-BEDOK,2,EAST COAST ROAD,HDB-BEDOK,2 EAST COAST ROAD HDB-BEDOK SINGAPORE 450002,450002,38033.4768416863,32689.888420552,1.31190862291576,103.923474271929,103.923474271929
1963.0,3,east coast rd,bd,5.0,0.0,0.0,26.66666666666667,0.6666666666666666,0.0,0.0,27.33333333333333,48.0,"['1', '2', '3']",3.0,1,HDB-SIGLAP FIRE SITE,3,EAST COAST ROAD,HDB-SIGLAP FIRE SITE,3 EAST COAST ROAD HDB-SIGLAP FIRE SITE SINGAPORE 450003,450003,38013.1269195341,32651.1962213386,1.31155871137394,103.92329140558901,103.92329140558901
1955.0,1,redhill cl,bm,7.0,0.0,0.0,41.66666666666666,0.14285714285714285,0.0,0.0,41.80952380952381,56.0,"['1', '2', '3', '5', '6', '7', '8', '9', '10', '11', '12', '13', '14', '15', '16', '17', '18', '19', '20', '21', '22']",21.0,1,HDB-BUKIT MERAH,1,REDHILL CLOSE,HDB-BUKIT MERAH,1 REDHILL CLOSE HDB-BUKIT MERAH SINGAPORE 151001,151001,26275.8331344631,29632.155866785,1.28425715212547,103.817826259481,103.817826259481
1955.0,2,redhill cl,bm,7.0,0.0,0.0,41.66666666666666,0.14285714285714285,0.0,0.0,41.80952380952381,56.0,"['1', '2', '3', '5', '6', '7', '8', '9', '10', '11', '12', '13', '14', '15', '16', '17', '18', '19', '20', '21', '22']",21.0,1,HDB-BUKIT MERAH,2,REDHILL CLOSE,HDB-BUKIT MERAH,2 REDHILL CLOSE HDB-BUKIT MERAH SINGAPORE 151002,151002,26213.1221097186,29648.8871606793,1.2844084605685,103.81726277524099,103.81726277524099
1955.0,3,redhill cl,bm,7.0,0.0,0.0,41.66666666666666,0.14285714285714285,0.0,0.0,41.80952380952381,56.0,"['1', '2', '3', '5', '6', '7', '8', '9', '10', '11', '12', '13', '14', '15', '16', '17', '18', '19', '20', '21', '22']",21.0,1,HDB-BUKIT MERAH,3,REDHILL CLOSE,HDB-BUKIT MERAH,3 REDHILL CLOSE HDB-BUKIT MERAH SINGAPORE 151003,151003,26150.5902411696,29665.0694841556,1.2845548042003898,103.81670090075701,103.81670090075701
1955.0,5,redhill cl,bm,7.0,0.0,0.0,41.66666666666666,0.14285714285714285,0.0,0.0,41.80952380952381,56.0,"['1', '2', '3', '5', '6', '7', '8', '9', '10', '11', '12', '13', '14', '15', '16', '17', '18', '19', '20', '21', '22']",21.0,1,HDB-BUKIT MERAH,5,REDHILL CLOSE,HDB-BUKIT MERAH,5 REDHILL CLOSE HDB-BUKIT MERAH SINGAPORE 150005,150005,26252.5258184252,29670.2519380581,1.28460167832739,103.817616831948,103.817616831948
1955.0,6,redhill cl,bm,7.0,0.0,0.0,41.66666666666666,0.14285714285714285,0.0,0.0,41.80952380952381,56.0,"['1', '2', '3', '5', '6', '7', '8', '9', '10', '11', '12', '13', '14', '15', '16', '17', '18', '19', '20', '21', '22']",21.0,1,HDB-BUKIT MERAH,6,REDHILL CLOSE,HDB-BUKIT MERAH,6 REDHILL CLOSE HDB-BUKIT MERAH SINGAPORE 151006,151006,26179.577071940497,29694.1991798077,1.2848182446287,103.816961357218,103.816961357218
1955.0,7,redhill cl,bm,7.0,0.0,0.0,41.66666666666666,0.14285714285714285,0.0,0.0,41.80952380952381,56.0,"['1', '2', '3', '5', '6', '7', '8', '9', '10', '11', '12', '13', '14', '15', '16', '17', '18', '19', '20', '21', '22']",21.0,1,HDB-BUKIT MERAH,7,REDHILL CLOSE,HDB-BUKIT MERAH,7 REDHILL CLOSE HDB-BUKIT MERAH SINGAPORE 151007,151007,26253.4806522392,29705.0691089258,1.28491655264516,103.81762540958401,103.81762540958401
1955.0,8,redhill cl,bm,7.0,0.0,0.0,41.66666666666666,0.14285714285714285,0.0,0.0,41.80952380952381,56.0,"['1', '2', '3', '5', '6', '7', '8', '9', '10', '11', '12', '13', '14', '15', '16', '17', '18', '19', '20', '21', '22']",21.0,1,HDB-BUKIT MERAH,8,REDHILL CLOSE,HDB-BUKIT MERAH,8 REDHILL CLOSE HDB-BUKIT MERAH SINGAPORE 151008,151008,26169.008097386002,29727.148604202997,1.28511622703448,103.816866388884,103.816866388884
1955.0,9,redhill cl,bm,7.0,0.0,0.0,41.66666666666666,0.14285714285714285,0.0,0.0,41.80952380952381,56.0,"['1', '2', '3', '5', '6', '7', '8', '9', '10', '11', '12', '13', '14', '15', '16', '17', '18', '19', '20', '21', '22']",21.0,1,HDB-BUKIT MERAH,9,REDHILL CLOSE,HDB-BUKIT MERAH,9 REDHILL CLOSE HDB-BUKIT MERAH SINGAPORE 151009,151009,26118.2171797212,29707.675939021603,1.28494012008953,103.816410013462,103.816410013462
1955.0,10,redhill cl,bm,7.0,0.0,0.0,41.66666666666666,0.14285714285714285,0.0,0.0,41.80952380952381,56.0,"['1', '2', '3', '5', '6', '7', '8', '9', '10', '11', '12', '13', '14', '15', '16', '17', '18', '19', '20', '21', '22']",21.0,1,HDB-BUKIT MERAH,10,REDHILL CLOSE,HDB-BUKIT MERAH,10 REDHILL CLOSE HDB-BUKIT MERAH SINGAPORE 151010,151010,26082.4041316547,29707.1628058944,1.28493547732816,103.81608821904499,103.81608821904499
1955.0,11,redhill cl,bm,7.0,0.0,0.0,41.66666666666666,0.14285714285714285,0.0,0.0,41.80952380952381,56.0,"['1', '2', '3', '5', '6', '7', '8', '9', '10', '11', '12', '13', '14', '15', '16', '17', '18', '19', '20', '21', '22']",21.0,1,HDB-BUKIT MERAH,11,REDHILL CLOSE,HDB-BUKIT MERAH,11 REDHILL CLOSE HDB-BUKIT MERAH SINGAPORE 151011,151011,26100.662808544,29772.413950100497,1.2855255868614701,103.816252276581,103.816252276581
1955.0,12,redhill cl,bm,7.0,0.0,0.0,41.66666666666666,0.14285714285714285,0.0,0.0,41.80952380952381,56.0,"['1', '2', '3', '5', '6', '7', '8', '9', '10', '11', '12', '13', '14', '15', '16', '17', '18', '19', '20', '21', '22']",21.0,1,HDB-BUKIT MERAH,12,REDHILL CLOSE,HDB-BUKIT MERAH,12 REDHILL CLOSE HDB-BUKIT MERAH SINGAPORE 151012,151012,26130.116462427202,29833.287314750298,1.2860761059513302,103.816516925807,103.816516925807
1955.0,13,redhill cl,bm,7.0,0.0,0.0,41.66666666666666,0.14285714285714285,0.0,0.0,41.80952380952381,56.0,"['1', '2', '3', '5', '6', '7', '8', '9', '10', '11', '12', '13', '14', '15', '16', '17', '18', '19', '20', '21', '22']",21.0,1,REDHILL GARDENS,13,REDHILL CLOSE,REDHILL GARDENS,13 REDHILL CLOSE REDHILL GARDENS SINGAPORE 151013,151013,26177.777428432404,29760.958274962402,1.2854219903297601,103.81694518286,103.81694518286
1955.0,14,redhill cl,bm,7.0,0.0,0.0,41.66666666666666,0.14285714285714285,0.0,0.0,41.80952380952381,56.0,"['1', '2', '3', '5', '6', '7', '8', '9', '10', '11', '12', '13', '14', '15', '16', '17', '18', '19', '20', '21', '22']",21.0,1,REDHILL GARDENS,14,REDHILL CLOSE,REDHILL GARDENS,14 REDHILL CLOSE REDHILL GARDENS SINGAPORE 151014,151014,26204.1256477218,29783.7316940371,1.28562794664946,103.817181930817,103.817181930817
1955.0,15,redhill cl,bm,7.0,0.0,0.0,41.66666666666666,0.14285714285714285,0.0,0.0,41.80952380952381,56.0,"['1', '2', '3', '5', '6', '7', '8', '9', '10', '11', '12', '13', '14', '15', '16', '17', '18', '19', '20', '21', '22']",21.0,1,REDHILL GARDENS,15,REDHILL CLOSE,REDHILL GARDENS,15 REDHILL CLOSE REDHILL GARDENS SINGAPORE 150015,150015,26201.617521519798,29812.0539609566,1.2858840831378502,103.81715939268899,103.81715939268899
1955.0,16,redhill cl,bm,7.0,0.0,0.0,41.66666666666666,0.14285714285714285,0.0,0.0,41.80952380952381,56.0,"['1', '2', '3', '5', '6', '7', '8', '9', '10', '11', '12', '13', '14', '15', '16', '17', '18', '19', '20', '21', '22']",21.0,1,REDHILL GARDENS,16,REDHILL CLOSE,REDHILL GARDENS,16 REDHILL CLOSE REDHILL GARDENS SINGAPORE 150016,150016,26201.9191419771,29839.194384183702,1.28612953160745,103.817162101325,103.817162101325
1955.0,17,redhill cl,bm,7.0,0.0,0.0,41.66666666666666,0.14285714285714285,0.0,0.0,41.80952380952381,56.0,"['1', '2', '3', '5', '6', '7', '8', '9', '10', '11', '12', '13', '14', '15', '16', '17', '18', '19', '20', '21', '22']",21.0,1,REDHILL GARDENS,17,REDHILL CLOSE,REDHILL GARDENS,17 REDHILL CLOSE REDHILL GARDENS SINGAPORE 151017,151017,26258.977045671098,29739.3595260698,1.28522666343858,103.817674794972,103.817674794972
1955.0,18,redhill cl,bm,7.0,0.0,0.0,41.66666666666666,0.14285714285714285,0.0,0.0,41.80952380952381,56.0,"['1', '2', '3', '5', '6', '7', '8', '9', '10', '11', '12', '13', '14', '15', '16', '17', '18', '19', '20', '21', '22']",21.0,1,REDHILL GARDENS,18,REDHILL CLOSE,REDHILL GARDENS,18 REDHILL CLOSE REDHILL GARDENS SINGAPORE 151018,151018,26276.3676670557,29806.2192320023,1.28583132009242,103.81783105297701,103.81783105297701
1955.0,19,redhill cl,bm,7.0,0.0,0.0,41.66666666666666,0.14285714285714285,0.0,0.0,41.80952380952381,56.0,"['1', '2', '3', '5', '6', '7', '8', '9', '10', '11', '12', '13', '14', '15', '16', '17', '18', '19', '20', '21', '22']",21.0,1,REDHILL GARDENS,19,REDHILL CLOSE,REDHILL GARDENS,19 REDHILL CLOSE REDHILL GARDENS SINGAPORE 151019,151019,26276.5513331806,29833.3039318733,1.28607626461327,103.81783270181299,103.81783270181299
1955.0,20,redhill cl,bm,7.0,0.0,0.0,41.66666666666666,0.14285714285714285,0.0,0.0,41.80952380952381,56.0,"['1', '2', '3', '5', '6', '7', '8', '9', '10', '11', '12', '13', '14', '15', '16', '17', '18', '19', '20', '21', '22']",21.0,1,HDB-BUKIT MERAH,20,REDHILL CLOSE,HDB-BUKIT MERAH,20 REDHILL CLOSE HDB-BUKIT MERAH SINGAPORE 151020,151020,26222.402394598397,29908.737377140696,1.28675845516815,103.817346147649,103.817346147649
1955.0,21,redhill cl,bm,7.0,0.0,0.0,41.66666666666666,0.14285714285714285,0.0,0.0,41.80952380952381,56.0,"['1', '2', '3', '5', '6', '7', '8', '9', '10', '11', '12', '13', '14', '15', '16', '17', '18', '19', '20', '21', '22']",21.0,1,HDB-BUKIT MERAH,21,REDHILL CLOSE,HDB-BUKIT MERAH,21 REDHILL CLOSE HDB-BUKIT MERAH SINGAPORE 151021,151021,26260.019081546,29875.7143107411,1.28645980826753,103.817684150569,103.817684150569
1955.0,22,redhill cl,bm,7.0,0.0,0.0,41.66666666666666,0.14285714285714285,0.0,0.0,41.80952380952381,56.0,"['1', '2', '3', '5', '6', '7', '8', '9', '10', '11', '12', '13', '14', '15', '16', '17', '18', '19', '20', '21', '22']",21.0,1,HDB-BUKIT MERAH,22,REDHILL CLOSE,HDB-BUKIT MERAH,22 REDHILL CLOSE HDB-BUKIT MERAH SINGAPORE 151022,151022,26293.6370954337,29895.3820228092,1.28663767799181,103.81798622088199,103.81798622088199
1973.0,167,boon lay dr,jw,11.0,0.0,0.0,106.66666666666669,0.0,1.6666666666666667,0.0,108.33333333333331,38.0,"['167', '168', '169', '170', '171', '172']",6.0,1,181 BOON LAY DRIVE SINGAPORE 640181,181,BOON LAY DRIVE,NIL,181 BOON LAY DRIVE SINGAPORE 640181,640181,14026.1783879651,36726.1675443444,1.3484096763794198,103.70775516682501,103.70775516682501
1973.0,168,boon lay dr,jw,11.0,0.0,0.0,106.66666666666669,0.0,1.6666666666666667,0.0,108.33333333333331,38.0,"['167', '168', '169', '170', '171', '172']",6.0,1,SUMMERDALE,6,BOON LAY DRIVE,SUMMERDALE,6 BOON LAY DRIVE SUMMERDALE SINGAPORE 649927,649927,14490.1234696051,35999.3438436687,1.34183676871732,103.711924318214,103.711924318214
1973.0,169,boon lay dr,jw,11.0,0.0,0.0,106.66666666666669,0.0,1.6666666666666667,0.0,108.33333333333331,38.0,"['167', '168', '169', '170', '171', '172']",6.0,1,BOON LAY COURT,268,BOON LAY DRIVE,BOON LAY COURT,268 BOON LAY DRIVE BOON LAY COURT SINGAPORE 640268,640268,14025.810904375301,36662.938089575604,1.3478378528797001,103.70775189406099,103.70775189406099
1973.0,170,boon lay dr,jw,11.0,0.0,0.0,106.66666666666669,0.0,1.6666666666666667,0.0,108.33333333333331,38.0,"['167', '168', '169', '170', '171', '172']",6.0,1,BOON LAY MEADOW,180,BOON LAY DRIVE,BOON LAY MEADOW,180 BOON LAY DRIVE BOON LAY MEADOW SINGAPORE 640180,640180,14073.1341099497,36689.8821038567,1.3480815464086202,103.70817710905001,103.70817710905001
1973.0,171,boon lay dr,jw,11.0,0.0,0.0,106.66666666666669,0.0,1.6666666666666667,0.0,108.33333333333331,38.0,"['167', '168', '169', '170', '171', '172']",6.0,1,BOON LAY MEADOW,180,BOON LAY DRIVE,BOON LAY MEADOW,180 BOON LAY DRIVE BOON LAY MEADOW SINGAPORE 640180,640180,14073.1341099497,36689.8821038567,1.3480815464086202,103.70817710905001,103.70817710905001
1973.0,172,boon lay dr,jw,11.0,0.0,0.0,106.66666666666669,0.0,1.6666666666666667,0.0,108.33333333333331,38.0,"['167', '168', '169', '170', '171', '172']",6.0,1,BOON LAY MEADOW,180,BOON LAY DRIVE,BOON LAY MEADOW,180 BOON LAY DRIVE BOON LAY MEADOW SINGAPORE 640180,640180,14073.1341099497,36689.8821038567,1.3480815464086202,103.70817710905001,103.70817710905001
1983.0,1a,woodlands centre rd,wl,4.0,0.0,0.0,71.5,0.0,2.0,0.0,73.5,29.0,"['1a', '2a']",2.0,1,NIL,,WOODLANDS CENTRE ROAD,NIL,NIL,NIL,21062.848422413503,47059.406936523206,1.44186651173176,103.77098143160299,103.77098143160299
1983.0,2a,woodlands centre rd,wl,4.0,0.0,0.0,71.5,0.0,2.0,0.0,73.5,29.0,"['1a', '2a']",2.0,1,268 WOODLANDS CENTRE ROAD,268,WOODLANDS CENTRE ROAD,NIL,268 WOODLANDS CENTRE ROAD,NIL,20853.2514202259,46973.8862551432,1.44108871290856,103.769098080791,103.769098080791
1962.0,24,tanglin halt rd,qt,9.5,0.0,27.0,81.90322580645163,3.3548387096774195,0.0,0.0,112.25806451612905,52.0,"['24', '25', '26', '27', '28', '29', '30', '31', '32', '33', '34', '35', '36', '37', '38', '40', '41', '42', '43', '44', '45', '55', '56', '58', '59', '60', '62', '63', '64', '65', '66']",31.0,1,TANGLIN GROVE,24,TANGLIN HALT ROAD,TANGLIN GROVE,24 TANGLIN HALT ROAD TANGLIN GROVE SINGAPORE 140024,140024,24251.5164370472,31116.0827839561,1.29767708730611,103.79963679980601,103.79963679980601
1962.0,25,tanglin halt rd,qt,9.5,0.0,27.0,81.90322580645163,3.3548387096774195,0.0,0.0,112.25806451612905,52.0,"['24', '25', '26', '27', '28', '29', '30', '31', '32', '33', '34', '35', '36', '37', '38', '40', '41', '42', '43', '44', '45', '55', '56', '58', '59', '60', '62', '63', '64', '65', '66']",31.0,1,TANGLIN GROVE,25,TANGLIN HALT ROAD,TANGLIN GROVE,25 TANGLIN HALT ROAD TANGLIN GROVE SINGAPORE 140025,140025,24258.164285115,31140.3609455712,1.2978966512203,103.799696530747,103.799696530747
1962.0,26,tanglin halt rd,qt,9.5,0.0,27.0,81.90322580645163,3.3548387096774195,0.0,0.0,112.25806451612905,52.0,"['24', '25', '26', '27', '28', '29', '30', '31', '32', '33', '34', '35', '36', '37', '38', '40', '41', '42', '43', '44', '45', '55', '56', '58', '59', '60', '62', '63', '64', '65', '66']",31.0,1,TANGLIN GROVE,26,TANGLIN HALT ROAD,TANGLIN GROVE,26 TANGLIN HALT ROAD TANGLIN GROVE SINGAPORE 141026,141026,24267.5656721983,31163.555029081203,1.29810641144419,103.79978100359301,103.79978100359301
1962.0,27,tanglin halt rd,qt,9.5,0.0,27.0,81.90322580645163,3.3548387096774195,0.0,0.0,112.25806451612905,52.0,"['24', '25', '26', '27', '28', '29', '30', '31', '32', '33', '34', '35', '36', '37', '38', '40', '41', '42', '43', '44', '45', '55', '56', '58', '59', '60', '62', '63', '64', '65', '66']",31.0,1,TANGLIN GROVE,27,TANGLIN HALT ROAD,TANGLIN GROVE,27 TANGLIN HALT ROAD TANGLIN GROVE SINGAPORE 142027,142027,24274.040659810402,31187.6962280702,1.2983247366925401,103.799839181345,103.799839181345
1962.0,28,tanglin halt rd,qt,9.5,0.0,27.0,81.90322580645163,3.3548387096774195,0.0,0.0,112.25806451612905,52.0,"['24', '25', '26', '27', '28', '29', '30', '31', '32', '33', '34', '35', '36', '37', '38', '40', '41', '42', '43', '44', '45', '55', '56', '58', '59', '60', '62', '63', '64', '65', '66']",31.0,1,TANGLIN GROVE,28,TANGLIN HALT ROAD,TANGLIN GROVE,28 TANGLIN HALT ROAD TANGLIN GROVE SINGAPORE 140028,140028,24280.573338200298,31211.8589778654,1.29854325684418,103.799897877481,103.799897877481
1962.0,29,tanglin halt rd,qt,9.5,0.0,27.0,81.90322580645163,3.3548387096774195,0.0,0.0,112.25806451612905,52.0,"['24', '25', '26', '27', '28', '29', '30', '31', '32', '33', '34', '35', '36', '37', '38', '40', '41', '42', '43', '44', '45', '55', '56', '58', '59', '60', '62', '63', '64', '65', '66']",31.0,1,TANGLIN GROVE,29,TANGLIN HALT ROAD,TANGLIN GROVE,29 TANGLIN HALT ROAD TANGLIN GROVE SINGAPORE 141029,141029,24252.006475703798,31245.455108,1.2988470849408,103.799641187531,103.799641187531
1962.0,30,tanglin halt rd,qt,9.5,0.0,27.0,81.90322580645163,3.3548387096774195,0.0,0.0,112.25806451612905,52.0,"['24', '25', '26', '27', '28', '29', '30', '31', '32', '33', '34', '35', '36', '37', '38', '40', '41', '42', '43', '44', '45', '55', '56', '58', '59', '60', '62', '63', '64', '65', '66']",31.0,1,TANGLIN GROVE,30,TANGLIN HALT ROAD,TANGLIN GROVE,30 TANGLIN HALT ROAD TANGLIN GROVE SINGAPORE 140030,140030,24243.1883526677,31274.095430892,1.29910609683303,103.799561949337,103.799561949337
1962.0,31,tanglin halt rd,qt,9.5,0.0,27.0,81.90322580645163,3.3548387096774195,0.0,0.0,112.25806451612905,52.0,"['24', '25', '26', '27', '28', '29', '30', '31', '32', '33', '34', '35', '36', '37', '38', '40', '41', '42', '43', '44', '45', '55', '56', '58', '59', '60', '62', '63', '64', '65', '66']",31.0,1,TANGLIN GROVE,31,TANGLIN HALT ROAD,TANGLIN GROVE,31 TANGLIN HALT ROAD TANGLIN GROVE SINGAPORE 141031,141031,24233.112806784,31302.3827685602,1.29936191629583,103.79947141266399,103.79947141266399
1962.0,32,tanglin halt rd,qt,9.5,0.0,27.0,81.90322580645163,3.3548387096774195,0.0,0.0,112.25806451612905,52.0,"['24', '25', '26', '27', '28', '29', '30', '31', '32', '33', '34', '35', '36', '37', '38', '40', '41', '42', '43', '44', '45', '55', '56', '58', '59', '60', '62', '63', '64', '65', '66']",31.0,1,TANGLIN GROVE,32,TANGLIN HALT ROAD,TANGLIN GROVE,32 TANGLIN HALT ROAD TANGLIN GROVE SINGAPORE 142032,142032,24223.652518205297,31330.978476444303,1.29962052462036,103.799386404296,103.799386404296
1962.0,33,tanglin halt rd,qt,9.5,0.0,27.0,81.90322580645163,3.3548387096774195,0.0,0.0,112.25806451612905,52.0,"['24', '25', '26', '27', '28', '29', '30', '31', '32', '33', '34', '35', '36', '37', '38', '40', '41', '42', '43', '44', '45', '55', '56', '58', '59', '60', '62', '63', '64', '65', '66']",31.0,1,TANGLIN HALT GREEN,33,TANGLIN HALT ROAD,TANGLIN HALT GREEN,33 TANGLIN HALT ROAD TANGLIN HALT GREEN SINGAPORE 142033,142033,24111.4926884612,30993.386184793,1.2965674454506,103.79837863999701,103.79837863999701
1962.0,34,tanglin halt rd,qt,9.5,0.0,27.0,81.90322580645163,3.3548387096774195,0.0,0.0,112.25806451612905,52.0,"['24', '25', '26', '27', '28', '29', '30', '31', '32', '33', '34', '35', '36', '37', '38', '40', '41', '42', '43', '44', '45', '55', '56', '58', '59', '60', '62', '63', '64', '65', '66']",31.0,1,TANGLIN HALT GREEN,34,TANGLIN HALT ROAD,TANGLIN HALT GREEN,34 TANGLIN HALT ROAD TANGLIN HALT GREEN SINGAPORE 142034,142034,24109.5820825258,31020.0954708606,1.29680899455535,103.79836146905399,103.79836146905399
1962.0,35,tanglin halt rd,qt,9.5,0.0,27.0,81.90322580645163,3.3548387096774195,0.0,0.0,112.25806451612905,52.0,"['24', '25', '26', '27', '28', '29', '30', '31', '32', '33', '34', '35', '36', '37', '38', '40', '41', '42', '43', '44', '45', '55', '56', '58', '59', '60', '62', '63', '64', '65', '66']",31.0,1,TANGLIN HALT GREEN,35,TANGLIN HALT ROAD,TANGLIN HALT GREEN,35 TANGLIN HALT ROAD TANGLIN HALT GREEN SINGAPORE 141035,141035,24094.6988003757,31046.7136200294,1.29704971782508,103.79822773294,103.79822773294
1962.0,36,tanglin halt rd,qt,9.5,0.0,27.0,81.90322580645163,3.3548387096774195,0.0,0.0,112.25806451612905,52.0,"['24', '25', '26', '27', '28', '29', '30', '31', '32', '33', '34', '35', '36', '37', '38', '40', '41', '42', '43', '44', '45', '55', '56', '58', '59', '60', '62', '63', '64', '65', '66']",31.0,1,TANGLIN HALT GREEN,36,TANGLIN HALT ROAD,TANGLIN HALT GREEN,36 TANGLIN HALT ROAD TANGLIN HALT GREEN SINGAPORE 141036,141036,24094.8065241296,31073.5541783422,1.2972924543604298,103.79822869754,103.79822869754
1962.0,37,tanglin halt rd,qt,9.5,0.0,27.0,81.90322580645163,3.3548387096774195,0.0,0.0,112.25806451612905,52.0,"['24', '25', '26', '27', '28', '29', '30', '31', '32', '33', '34', '35', '36', '37', '38', '40', '41', '42', '43', '44', '45', '55', '56', '58', '59', '60', '62', '63', '64', '65', '66']",31.0,1,TANGLIN HALT GREEN,37,TANGLIN HALT ROAD,TANGLIN HALT GREEN,37 TANGLIN HALT ROAD TANGLIN HALT GREEN SINGAPORE 140037,140037,24071.2619676357,31126.6152553223,1.29777231701972,103.798017132713,103.798017132713
1962.0,38,tanglin halt rd,qt,9.5,0.0,27.0,81.90322580645163,3.3548387096774195,0.0,0.0,112.25806451612905,52.0,"['24', '25', '26', '27', '28', '29', '30', '31', '32', '33', '34', '35', '36', '37', '38', '40', '41', '42', '43', '44', '45', '55', '56', '58', '59', '60', '62', '63', '64', '65', '66']",31.0,1,TANGLIN HALT GREEN,38,TANGLIN HALT ROAD,TANGLIN HALT GREEN,38 TANGLIN HALT ROAD TANGLIN HALT GREEN SINGAPORE 140038,140038,24149.8008777658,31097.3987813592,1.2975081033726998,103.79872284301399,103.79872284301399
1962.0,40,tanglin halt rd,qt,9.5,0.0,27.0,81.90322580645163,3.3548387096774195,0.0,0.0,112.25806451612905,52.0,"['24', '25', '26', '27', '28', '29', '30', '31', '32', '33', '34', '35', '36', '37', '38', '40', '41', '42', '43', '44', '45', '55', '56', '58', '59', '60', '62', '63', '64', '65', '66']",31.0,1,TANGLIN HALT GREEN,40,TANGLIN HALT ROAD,TANGLIN HALT GREEN,40 TANGLIN HALT ROAD TANGLIN HALT GREEN SINGAPORE 143040,143040,24133.9887317317,31150.2906603087,1.29798643686941,103.79858075740101,103.79858075740101
1962.0,41,tanglin halt rd,qt,9.5,0.0,27.0,81.90322580645163,3.3548387096774195,0.0,0.0,112.25806451612905,52.0,"['24', '25', '26', '27', '28', '29', '30', '31', '32', '33', '34', '35', '36', '37', '38', '40', '41', '42', '43', '44', '45', '55', '56', '58', '59', '60', '62', '63', '64', '65', '66']",31.0,1,TANGLIN HALT GREEN,41,TANGLIN HALT ROAD,TANGLIN HALT GREEN,41 TANGLIN HALT ROAD TANGLIN HALT GREEN SINGAPORE 141041,141041,24134.504588978398,31177.0455602277,1.2982283987902201,103.798585389303,103.798585389303
1962.0,42,tanglin halt rd,qt,9.5,0.0,27.0,81.90322580645163,3.3548387096774195,0.0,0.0,112.25806451612905,52.0,"['24', '25', '26', '27', '28', '29', '30', '31', '32', '33', '34', '35', '36', '37', '38', '40', '41', '42', '43', '44', '45', '55', '56', '58', '59', '60', '62', '63', '64', '65', '66']",31.0,1,TANGLIN HALT GREEN,42,TANGLIN HALT ROAD,TANGLIN HALT GREEN,42 TANGLIN HALT ROAD TANGLIN HALT GREEN SINGAPORE 141042,141042,24133.924987357997,31203.7668021508,1.29847005618342,103.798580178027,103.798580178027
1962.0,43,tanglin halt rd,qt,9.5,0.0,27.0,81.90322580645163,3.3548387096774195,0.0,0.0,112.25806451612905,52.0,"['24', '25', '26', '27', '28', '29', '30', '31', '32', '33', '34', '35', '36', '37', '38', '40', '41', '42', '43', '44', '45', '55', '56', '58', '59', '60', '62', '63', '64', '65', '66']",31.0,1,TANGLIN HALT GREEN,43,TANGLIN HALT ROAD,TANGLIN HALT GREEN,43 TANGLIN HALT ROAD TANGLIN HALT GREEN SINGAPORE 142043,142043,24133.9019534225,31230.4005998671,1.29871092283084,103.798579967767,103.798579967767
1962.0,44,tanglin halt rd,qt,9.5,0.0,27.0,81.90322580645163,3.3548387096774195,0.0,0.0,112.25806451612905,52.0,"['24', '25', '26', '27', '28', '29', '30', '31', '32', '33', '34', '35', '36', '37', '38', '40', '41', '42', '43', '44', '45', '55', '56', '58', '59', '60', '62', '63', '64', '65', '66']",31.0,1,TANGLIN HALT GREEN,44,TANGLIN HALT ROAD,TANGLIN HALT GREEN,44 TANGLIN HALT ROAD TANGLIN HALT GREEN SINGAPORE 142044,142044,24129.6381025566,31257.0367282163,1.29895181002757,103.79854165188,103.79854165188
1962.0,45,tanglin halt rd,qt,9.5,0.0,27.0,81.90322580645163,3.3548387096774195,0.0,0.0,112.25806451612905,52.0,"['24', '25', '26', '27', '28', '29', '30', '31', '32', '33', '34', '35', '36', '37', '38', '40', '41', '42', '43', '44', '45', '55', '56', '58', '59', '60', '62', '63', '64', '65', '66']",31.0,1,TANGLIN HALT GREEN,45,TANGLIN HALT ROAD,TANGLIN HALT GREEN,45 TANGLIN HALT ROAD TANGLIN HALT GREEN SINGAPORE 141045,141045,24127.732097353797,31283.8594586886,1.29919438508048,103.79852452225599,103.79852452225599
1962.0,55,tanglin halt rd,qt,9.5,0.0,27.0,81.90322580645163,3.3548387096774195,0.0,0.0,112.25806451612905,52.0,"['24', '25', '26', '27', '28', '29', '30', '31', '32', '33', '34', '35', '36', '37', '38', '40', '41', '42', '43', '44', '45', '55', '56', '58', '59', '60', '62', '63', '64', '65', '66']",31.0,1,COMMONWEALTH VIEW,91A,TANGLIN HALT ROAD,COMMONWEALTH VIEW,91A TANGLIN HALT ROAD COMMONWEALTH VIEW SINGAPORE 143091,143091,24213.323841173198,31497.555419106,1.3011269863302701,103.799293576334,103.799293576334
1962.0,56,tanglin halt rd,qt,9.5,0.0,27.0,81.90322580645163,3.3548387096774195,0.0,0.0,112.25806451612905,52.0,"['24', '25', '26', '27', '28', '29', '30', '31', '32', '33', '34', '35', '36', '37', '38', '40', '41', '42', '43', '44', '45', '55', '56', '58', '59', '60', '62', '63', '64', '65', '66']",31.0,1,TANGLIN HALT GREEN,37,TANGLIN HALT ROAD,TANGLIN HALT GREEN,37 TANGLIN HALT ROAD TANGLIN HALT GREEN SINGAPORE 140037,140037,24071.2619676357,31126.6152553223,1.29777231701972,103.798017132713,103.798017132713
1962.0,58,tanglin halt rd,qt,9.5,0.0,27.0,81.90322580645163,3.3548387096774195,0.0,0.0,112.25806451612905,52.0,"['24', '25', '26', '27', '28', '29', '30', '31', '32', '33', '34', '35', '36', '37', '38', '40', '41', '42', '43', '44', '45', '55', '56', '58', '59', '60', '62', '63', '64', '65', '66']",31.0,1,COMMONWEALTH VIEW,88,TANGLIN HALT ROAD,COMMONWEALTH VIEW,88 TANGLIN HALT ROAD COMMONWEALTH VIEW SINGAPORE 141088,141088,24088.7597376825,31579.132750513,1.30186472740701,103.798174301286,103.798174301286
1962.0,59,tanglin halt rd,qt,9.5,0.0,27.0,81.90322580645163,3.3548387096774195,0.0,0.0,112.25806451612905,52.0,"['24', '25', '26', '27', '28', '29', '30', '31', '32', '33', '34', '35', '36', '37', '38', '40', '41', '42', '43', '44', '45', '55', '56', '58', '59', '60', '62', '63', '64', '65', '66']",31.0,1,35A TANGLIN HALT ROAD SINGAPORE 142035,35A,TANGLIN HALT ROAD,NIL,35A TANGLIN HALT ROAD SINGAPORE 142035,142035,24153.000930076498,31046.1382256579,1.29704452141989,103.79875160318501,103.79875160318501
1962.0,60,tanglin halt rd,qt,9.5,0.0,27.0,81.90322580645163,3.3548387096774195,0.0,0.0,112.25806451612905,52.0,"['24', '25', '26', '27', '28', '29', '30', '31', '32', '33', '34', '35', '36', '37', '38', '40', '41', '42', '43', '44', '45', '55', '56', '58', '59', '60', '62', '63', '64', '65', '66']",31.0,1,COMMONWEALTH VIEW,88,TANGLIN HALT ROAD,COMMONWEALTH VIEW,88 TANGLIN HALT ROAD COMMONWEALTH VIEW SINGAPORE 141088,141088,24088.7597376825,31579.132750513,1.30186472740701,103.798174301286,103.798174301286
1962.0,62,tanglin halt rd,qt,9.5,0.0,27.0,81.90322580645163,3.3548387096774195,0.0,0.0,112.25806451612905,52.0,"['24', '25', '26', '27', '28', '29', '30', '31', '32', '33', '34', '35', '36', '37', '38', '40', '41', '42', '43', '44', '45', '55', '56', '58', '59', '60', '62', '63', '64', '65', '66']",31.0,1,TANGLIN HALT GREEN,44,TANGLIN HALT ROAD,TANGLIN HALT GREEN,44 TANGLIN HALT ROAD TANGLIN HALT GREEN SINGAPORE 142044,142044,24129.6381025566,31257.0367282163,1.29895181002757,103.79854165188,103.79854165188
1962.0,63,tanglin halt rd,qt,9.5,0.0,27.0,81.90322580645163,3.3548387096774195,0.0,0.0,112.25806451612905,52.0,"['24', '25', '26', '27', '28', '29', '30', '31', '32', '33', '34', '35', '36', '37', '38', '40', '41', '42', '43', '44', '45', '55', '56', '58', '59', '60', '62', '63', '64', '65', '66']",31.0,1,TANGLIN HALT GREEN,44,TANGLIN HALT ROAD,TANGLIN HALT GREEN,44 TANGLIN HALT ROAD TANGLIN HALT GREEN SINGAPORE 142044,142044,24129.6381025566,31257.0367282163,1.29895181002757,103.79854165188,103.79854165188
1962.0,64,tanglin halt rd,qt,9.5,0.0,27.0,81.90322580645163,3.3548387096774195,0.0,0.0,112.25806451612905,52.0,"['24', '25', '26', '27', '28', '29', '30', '31', '32', '33', '34', '35', '36', '37', '38', '40', '41', '42', '43', '44', '45', '55', '56', '58', '59', '60', '62', '63', '64', '65', '66']",31.0,1,35A TANGLIN HALT ROAD SINGAPORE 142035,35A,TANGLIN HALT ROAD,NIL,35A TANGLIN HALT ROAD SINGAPORE 142035,142035,24153.000930076498,31046.1382256579,1.29704452141989,103.79875160318501,103.79875160318501
1962.0,65,tanglin halt rd,qt,9.5,0.0,27.0,81.90322580645163,3.3548387096774195,0.0,0.0,112.25806451612905,52.0,"['24', '25', '26', '27', '28', '29', '30', '31', '32', '33', '34', '35', '36', '37', '38', '40', '41', '42', '43', '44', '45', '55', '56', '58', '59', '60', '62', '63', '64', '65', '66']",31.0,1,TANGLIN HALT GREEN,37,TANGLIN HALT ROAD,TANGLIN HALT GREEN,37 TANGLIN HALT ROAD TANGLIN HALT GREEN SINGAPORE 140037,140037,24071.2619676357,31126.6152553223,1.29777231701972,103.798017132713,103.798017132713
1962.0,66,tanglin halt rd,qt,9.5,0.0,27.0,81.90322580645163,3.3548387096774195,0.0,0.0,112.25806451612905,52.0,"['24', '25', '26', '27', '28', '29', '30', '31', '32', '33', '34', '35', '36', '37', '38', '40', '41', '42', '43', '44', '45', '55', '56', '58', '59', '60', '62', '63', '64', '65', '66']",31.0,1,TANGLIN HALT GREEN,36,TANGLIN HALT ROAD,TANGLIN HALT GREEN,36 TANGLIN HALT ROAD TANGLIN HALT GREEN SINGAPORE 141036,141036,24094.8065241296,31073.5541783422,1.2972924543604298,103.79822869754,103.79822869754
1979.0,513,west coast rd,cl,9.33,0.0,0.0,105.375,17.5,0.5,0.0,123.375,37.0,"['513', '514', '515', '516', '517', '518', '519', '520']",8.0,1,WEST COAST PRIDE,513,WEST COAST ROAD,WEST COAST PRIDE,513 WEST COAST ROAD WEST COAST PRIDE SINGAPORE 120513,120513,19869.0625650883,32331.276073588102,1.30866602211239,103.760258216299,103.760258216299
1979.0,514,west coast rd,cl,9.33,0.0,0.0,105.375,17.5,0.5,0.0,123.375,37.0,"['513', '514', '515', '516', '517', '518', '519', '520']",8.0,1,WEST COAST PRIDE,514,WEST COAST ROAD,WEST COAST PRIDE,514 WEST COAST ROAD WEST COAST PRIDE SINGAPORE 120514,120514,19754.9585924828,32365.1686180886,1.30897250380717,103.75923292909,103.75923292909
1979.0,515,west coast rd,cl,9.33,0.0,0.0,105.375,17.5,0.5,0.0,123.375,37.0,"['513', '514', '515', '516', '517', '518', '519', '520']",8.0,1,WEST COAST PRIDE,515,WEST COAST ROAD,WEST COAST PRIDE,515 WEST COAST ROAD WEST COAST PRIDE SINGAPORE 120515,120515,19816.2959653223,32299.9542494826,1.30838274486861,103.759784091667,103.759784091667
1979.0,516,west coast rd,cl,9.33,0.0,0.0,105.375,17.5,0.5,0.0,123.375,37.0,"['513', '514', '515', '516', '517', '518', '519', '520']",8.0,1,WEST COAST PRIDE,516,WEST COAST ROAD,WEST COAST PRIDE,516 WEST COAST ROAD WEST COAST PRIDE SINGAPORE 120516,120516,19889.9104561089,32276.1648552679,1.3081676215758402,103.76044555885599,103.76044555885599
1979.0,517,west coast rd,cl,9.33,0.0,0.0,105.375,17.5,0.5,0.0,123.375,37.0,"['513', '514', '515', '516', '517', '518', '519', '520']",8.0,1,WEST COAST PRIDE,517,WEST COAST ROAD,WEST COAST PRIDE,517 WEST COAST ROAD WEST COAST PRIDE SINGAPORE 120517,120517,19857.8252129173,32199.7830535341,1.3074768436116,103.760157277816,103.760157277816
1979.0,518,west coast rd,cl,9.33,0.0,0.0,105.375,17.5,0.5,0.0,123.375,37.0,"['513', '514', '515', '516', '517', '518', '519', '520']",8.0,1,WEST COAST PRIDE,518,WEST COAST ROAD,WEST COAST PRIDE,518 WEST COAST ROAD WEST COAST PRIDE SINGAPORE 120518,120518,19722.7088730671,32281.6959963441,1.30821759885498,103.758943172303,103.758943172303
1979.0,519,west coast rd,cl,9.33,0.0,0.0,105.375,17.5,0.5,0.0,123.375,37.0,"['513', '514', '515', '516', '517', '518', '519', '520']",8.0,1,WEST COAST PRIDE,519,WEST COAST ROAD,WEST COAST PRIDE,519 WEST COAST ROAD WEST COAST PRIDE SINGAPORE 120519,120519,19769.6426204955,32220.4911064692,1.30766409641888,103.759364910368,103.759364910368
1979.0,520,west coast rd,cl,9.33,0.0,0.0,105.375,17.5,0.5,0.0,123.375,37.0,"['513', '514', '515', '516', '517', '518', '519', '520']",8.0,1,WEST COAST PRIDE,520,WEST COAST ROAD,WEST COAST PRIDE,520 WEST COAST ROAD WEST COAST PRIDE SINGAPORE 120520,120520,19798.9639427541,32163.39455056,1.30714774352278,103.759628391282,103.759628391282
